{
	"author": "TwinSouls (Modified by Kevadroz)",
	"credit": "Made with Blockbench",
	"textures": {
		"particle": "block/snow",
		"upper": "block/snow",
		"lower": "block/snow_side"
	},
	"elements": [
		{
			"name": "outer",
			"from": [-0.1, -16, -0.1],
			"to": [16.1, 6, 16.1],
			"faces": {
				"north": {"uv": [0, 5, 16, 16], "texture": "#lower", "cullface": "north"},
				"east": {"uv": [0, 5, 16, 16], "texture": "#lower", "cullface": "east"},
				"south": {"uv": [0, 5, 16, 16], "texture": "#lower", "cullface": "south"},
				"west": {"uv": [0, 5, 16, 16], "texture": "#lower", "cullface": "west"},
				"up": {"uv": [0, 0, 16, 16], "texture": "#upper"}
			}
		},
		{
			"name": "inner",
			"from": [16.1, 0, 16.1],
			"to": [-0.1, -16, -0.1],
			"faces": {
				"north": {"uv": [0, 16, 16, 8], "texture": "#lower", "cullface": "south"},
				"east": {"uv": [0, 16, 16, 8], "texture": "#lower", "cullface": "west"},
				"south": {"uv": [0, 16, 16, 8], "texture": "#lower", "cullface": "north"},
				"west": {"uv": [0, 16, 16, 8], "texture": "#lower", "cullface": "east"},
				"down": {"uv": [0, 0, 0, 0], "texture": "#upper", "cullface": "down"}
			}
		}
	],
	"display": {
		"thirdperson_righthand": {
			"rotation": [75, 45, 0],
			"translation": [0, 2.5, 3],
			"scale": [0.375, 0.375, 0.375]
		},
		"thirdperson_lefthand": {
			"rotation": [75, 45, 0],
			"translation": [0, 2.5, 3],
			"scale": [0.375, 0.375, 0.375]
		},
		"firstperson_righthand": {
			"rotation": [0, 45, 0],
			"translation": [0, 3, 0],
			"scale": [0.4, 0.4, 0.4]
		},
		"firstperson_lefthand": {
			"rotation": [0, 225, 0],
			"translation": [0, 3, 0],
			"scale": [0.4, 0.4, 0.4]
		},
		"ground": {
			"translation": [0, 3, 0],
			"scale": [0.25, 0.25, 0.25]
		},
		"gui": {
			"rotation": [30, 225, 0],
			"translation": [0, 5, 0],
			"scale": [0.625, 0.625, 0.625]
		},
		"head": {
			"translation": [0, 14, 0]
		},
		"fixed": {
			"translation": [0, 5, 0],
			"scale": [0.5, 0.5, 0.5]
		}
	}
}
