{
	"palette": {
		"palette": [
			{
				"block": "minecraft:iron_door[half=lower]",
				"char": "D"
			},
			{
				"block": "minecraft:iron_door[half=upper]",
				"char": "d"
			},
			{
				"block": "minecraft:quartz_block",
				"char": "P"
			},
			{
				"block": "minecraft:barrel[facing=north]",
				"char": "B"
			},
			{
				"block": "minecraft:exposed_copper",
				"char": "c"
			},
			{
				"block": "minecraft:exposed_cut_copper_stairs[facing=north]",
				"char": "1"
			},
			{
				"block": "minecraft:exposed_cut_copper_stairs[facing=west]",
				"char": "2"
			},
			{
				"block": "minecraft:exposed_cut_copper_stairs[facing=south]",
				"char": "3"
			},
			{
				"block": "minecraft:exposed_cut_copper_stairs[facing=east]",
				"char": "4"
			}
		]
	},
	"slices": [
		[ "                ", "                ", "                ", "   ############ ", "   ############ ", "   ############ ", "   ##########   ", "   ##########   ", "   ##########   ", "   ##########   ", "   ##########   ", "   ##########   ", "   ##########   ", "                ", "                ", "                " ],
		[ "                ", "                ", "                ", "   ############ ", "   ############ ", "   ############ ", "   ##########   ", "   ##########   ", "   ##########   ", "   ##########   ", "   ##########   ", "   ##########   ", "   ##########   ", "                ", "                ", "                " ],
		[ "                ", "                ", "                ", "   ############ ", "   ############ ", "   ############ ", "   ##########   ", "   ##########   ", "   ##########   ", "   ##########   ", "   ##########   ", "   ##########   ", "   ##########   ", "                ", "                ", "                " ],
		[ "                ", "                ", "                ", "   cPPPPPPPPc   ", "   P    B   P:  ", "   P        P   ", "   P        P   ", "   PC       P   ", "   P        P   ", "   P        P   ", "   P        P   ", "   P        P   ", "   cPDPPPPPPc   ", "                ", "                ", "                " ],
		[ "                ", "                ", "                ", "   cPPPPPPPPc   ", "   P        P:  ", "   P        P   ", "   P        P   ", "   P        P   ", "   P        :   ", "   P        :   ", "   P        P   ", "   P        P   ", "   cPdPPP:PPc   ", "                ", "                ", "                " ],
		[ "                ", "                ", "                ", "   cPPPPPPPPc   ", "   P        P:  ", "   P        P   ", "   P        P   ", "   P        P   ", "   P        P   ", "   P        P   ", "   P        P   ", "   P        P   ", "   cPPPPPPPPc   ", "                ", "                ", "                " ],
		[ "                ", "                ", "                ", "   c11111111c   ", "   2########cc  ", "   2########4   ", "   2########4   ", "   2########4   ", "   2########4   ", "   2########4   ", "   2########4   ", "   2########4   ", "   c33333333c   ", "                ", "                ", "                " ],
		[ "                ", "                ", "                ", "                ", "                ", "     :    :     ", "                ", "                ", "                ", "                ", "     :    :     ", "                ", "                ", "                ", "                ", "                " ]
	],
	"xsize": 16,
	"zsize": 16
}