{
	"slices": [
		[ "                ", "                ", "                ", "                ", "                ", "                ", "      ####      ", "      #WW#      ", "      #WW#      ", "      ####      ", "                ", "                ", "                ", "                ", "                ", "                " ],
		[ "                ", "                ", "                ", "                ", "                ", "                ", "      :  :      ", "                ", "                ", "      :  :      ", "                ", "                ", "                ", "                ", "                ", "                " ],
		[ "                ", "                ", "                ", "                ", "                ", "                ", "      :  :      ", "                ", "                ", "      :  :      ", "                ", "                ", "                ", "                ", "                ", "                " ],
		[ "                ", "                ", "                ", "                ", "                ", "                ", "     T####T     ", "      #  #      ", "      #  #      ", "     T####T     ", "                ", "                ", "                ", "                ", "                ", "                " ]
	],
	"xsize": 16,
	"zsize": 16
}