{
	"meta": [
		{
			"char": "v",
			"key": "support"
		}
	],
	"slices": [
		[ "vRRRRRRuuRRRRRRv", "RRRRRRRuuRRRRRRR", "RRRRRRRuuRRRRRRR", "RRRRRRRuuRRRRRRR", "RRRRRRRuuRRRRRRR", "RRRRRRRuuRRRRRRR", "RRRRRRRuuRRRRRRR", "uuuuuuuuuuuuuuuu", "uuuuuuuuuuuuuuuu", "RRRRRRRuuRRRRRRR", "RRRRRRRuuRRRRRRR", "RRRRRRRuuRRRRRRR", "RRRRRRRuuRRRRRRR", "RRRRRRRuuRRRRRRR", "RRRRRRRuuRRRRRRR", "vRRRRRRuuRRRRRRv" ],
		[ "v~~~~~~~~~~~~~~v", "~~~~~~~~~~~~~~~~", "~~~~~~~~~~~~~~~~", "~~~~~~~~~~~~~~~~", "~~~~~~~~~~~~~~~~", "~~~~~~~~~~~~~~~~", "~~~~~~~~~~~~~~~~", "~~~~~~~~~~~~~~~~", "~~~~~~~~~~~~~~~~", "~~~~~~~~~~~~~~~~", "~~~~~~~~~~~~~~~~", "~~~~~~~~~~~~~~~~", "~~~~~~~~~~~~~~~~", "~~~~~~~~~~~~~~~~", "~~~~~~~~~~~~~~~~", "v~~~~~~~~~~~~~~v" ],
		[ "v~~~~~~~~~~~~~~v", "~~~~~~~~~~~~~~~~", "~~~~~~~~~~~~~~~~", "~~~~~~~~~~~~~~~~", "~~~~~~~~~~~~~~~~", "~~~~~~~~~~~~~~~~", "~~~~~~~~~~~~~~~~", "~~~~~~~~~~~~~~~~", "~~~~~~~~~~~~~~~~", "~~~~~~~~~~~~~~~~", "~~~~~~~~~~~~~~~~", "~~~~~~~~~~~~~~~~", "~~~~~~~~~~~~~~~~", "~~~~~~~~~~~~~~~~", "~~~~~~~~~~~~~~~~", "v~~~~~~~~~~~~~~v" ],
		[ "v~~~~~~~~~~~~~~v", "~~~~~~~~~~~~~~~~", "~~~~~~~~~~~~~~~~", "~~~~~~~~~~~~~~~~", "~~~~~~~~~~~~~~~~", "~~~~~~~~~~~~~~~~", "~~~~~~~~~~~~~~~~", "~~~~~~~~~~~~~~~~", "~~~~~~~~~~~~~~~~", "~~~~~~~~~~~~~~~~", "~~~~~~~~~~~~~~~~", "~~~~~~~~~~~~~~~~", "~~~~~~~~~~~~~~~~", "~~~~~~~~~~~~~~~~", "~~~~~~~~~~~~~~~~", "v~~~~~~~~~~~~~~v" ],
		[ " v~~~~~~~~~~~~v ", "v~~~~~~~~~~~~~~v", "~~~~~~~~~~~~~~~~", "~~~~~~~~~~~~~~~~", "~~~~~~~~~~~~~~~~", "~~~~~~~~~~~~~~~~", "~~~~~~~~~~~~~~~~", "~~~~~~~~~~~~~~~~", "~~~~~~~~~~~~~~~~", "~~~~~~~~~~~~~~~~", "~~~~~~~~~~~~~~~~", "~~~~~~~~~~~~~~~~", "~~~~~~~~~~~~~~~~", "~~~~~~~~~~~~~~~~", "v~~~~~~~~~~~~~~v", " v~~~~~~~~~~~~v " ],
		[ "  vvvvvvvvvvvv  ", "  vvvvvvvvvvvv  ", "vvvvvvvvvvvvvvvv", "vvvvvvvvvvvvvvvv", "vvvvvvvvvvvvvvvv", "vvvvvvvvvvvvvvvv", "vvvvvvvvvvvvvvvv", "vvvvvvvvvvvvvvvv", "vvvvvvvvvvvvvvvv", "vvvvvvvvvvvvvvvv", "vvvvvvvvvvvvvvvv", "vvvvvvvvvvvvvvvv", "vvvvvvvvvvvvvvvv", "vvvvvvvvvvvvvvvv", "  vvvvvvvvvvvv  ", "  vvvvvvvvvvvv  " ]
	],
	"xsize": 16,
	"zsize": 16
}