{
	"meta": [
		{
			"char": "v",
			"key": "support"
		}
	],
	"slices": [
		[ "vvvvvvvvvvvvvvvv", "RRRRRRRRRRRRRRRR", "RRRRRRRRRRRRRRRR", "RRRRRRRRRRRRRRRR", "RRRRRRRRRRRRRRRR", "RRRRRRRRRRRRRRRR", "RRRRRRRRRRRRRRRR", "uuuuuuuuuuuuuuuu", "uuuuuuuuuuuuuuuu", "RRRRRRRRRRRRRRRR", "RRRRRRRRRRRRRRRR", "RRRRRRRRRRRRRRRR", "RRRRRRRRRRRRRRRR", "RRRRRRRRRRRRRRRR", "RRRRRRRRRRRRRRRR", "vvvvvvvvvvvvvvvv" ],
		[ "v:::::::::::::::", "~~~~~~~~~~~~~~~~", "~~~~~~~~~~~~~~~~", "~~~~~~~~~~~~~~~~", "~~~~~~~~~~~~~~~~", "~~~~~~~~~~~~~~~~", "~~~~~~~~~~~~~~~~", "~~~~~~~~~~~~~~~~", "~~~~~~~~~~~~~~~~", "~~~~~~~~~~~~~~~~", "~~~~~~~~~~~~~~~~", "~~~~~~~~~~~~~~~~", "~~~~~~~~~~~~~~~~", "~~~~~~~~~~~~~~~~", "~~~~~~~~~~~~~~~~", "v:::::::::::::::" ],
		[ "w~~~~~~~~~~~~~~~", "~~~~~~~~~~~~~~~~", "~~~~~~~~~~~~~~~~", "~~~~~~~~~~~~~~~~", "~~~~~~~~~~~~~~~~", "~~~~~~~~~~~~~~~~", "~~~~~~~~~~~~~~~~", "~~~~~~~~~~~~~~~~", "~~~~~~~~~~~~~~~~", "~~~~~~~~~~~~~~~~", "~~~~~~~~~~~~~~~~", "~~~~~~~~~~~~~~~~", "~~~~~~~~~~~~~~~~", "~~~~~~~~~~~~~~~~", "~~~~~~~~~~~~~~~~", "w~~~~~~~~~~~~~~~" ],
		[ "w~~~~~~~~~~~~~~~", "~~~~~~~~~~~~~~~~", "~~~~~~~~~~~~~~~~", "~~~~~~~~~~~~~~~~", "~~~~~~~~~~~~~~~~", "~~~~~~~~~~~~~~~~", "~~~~~~~~~~~~~~~~", "~~~~~~~~~~~~~~~~", "~~~~~~~~~~~~~~~~", "~~~~~~~~~~~~~~~~", "~~~~~~~~~~~~~~~~", "~~~~~~~~~~~~~~~~", "~~~~~~~~~~~~~~~~", "~~~~~~~~~~~~~~~~", "~~~~~~~~~~~~~~~~", "w~~~~~~~~~~~~~~~" ],
		[ "w~~~~~~~~~~~~~~~", "~~~~~~~~~~~~~~~~", "~~~~~~~~~~~~~~~~", "~~~~~~~~~~~~~~~~", "~~~~~~~~~~~~~~~~", "~~~~~~~~~~~~~~~~", "~~~~~~~~~~~~~~~~", "~~~~~~~~~~~~~~~~", "~~~~~~~~~~~~~~~~", "~~~~~~~~~~~~~~~~", "~~~~~~~~~~~~~~~~", "~~~~~~~~~~~~~~~~", "~~~~~~~~~~~~~~~~", "~~~~~~~~~~~~~~~~", "~~~~~~~~~~~~~~~~", "w~~~~~~~~~~~~~~~" ],
		[ "w~~~~~~~~~~~~~~~", "~~~~~~~~~~~~~~~~", "~~~~~~~~~~~~~~~~", "~~~~~~~~~~~~~~~~", "~~~~~~~~~~~~~~~~", "~~~~~~~~~~~~~~~~", "~~~~~~~~~~~~~~~~", "~~~~~~~~~~~~~~~~", "~~~~~~~~~~~~~~~~", "~~~~~~~~~~~~~~~~", "~~~~~~~~~~~~~~~~", "~~~~~~~~~~~~~~~~", "~~~~~~~~~~~~~~~~", "~~~~~~~~~~~~~~~~", "~~~~~~~~~~~~~~~~", "w~~~~~~~~~~~~~~~" ],
		[ "w~~~~~~~~~~~~~~~", "~~~~~~~~~~~~~~~~", "~~~~~~~~~~~~~~~~", "~~~~~~~~~~~~~~~~", "~~~~~~~~~~~~~~~~", "~~~~~~~~~~~~~~~~", "~~~~~~~~~~~~~~~~", "~~~~~~~~~~~~~~~~", "~~~~~~~~~~~~~~~~", "~~~~~~~~~~~~~~~~", "~~~~~~~~~~~~~~~~", "~~~~~~~~~~~~~~~~", "~~~~~~~~~~~~~~~~", "~~~~~~~~~~~~~~~~", "~~~~~~~~~~~~~~~~", "w~~~~~~~~~~~~~~~" ],
		[ "w~~~~~~~~~~~~~~~", "~~~~~~~~~~~~~~~~", "~~~~~~~~~~~~~~~~", "~~~~~~~~~~~~~~~~", "~~~~~~~~~~~~~~~~", "~~~~~~~~~~~~~~~~", "~~~~~~~~~~~~~~~~", "~~~~~~~~~~~~~~~~", "~~~~~~~~~~~~~~~~", "~~~~~~~~~~~~~~~~", "~~~~~~~~~~~~~~~~", "~~~~~~~~~~~~~~~~", "~~~~~~~~~~~~~~~~", "~~~~~~~~~~~~~~~~", "~~~~~~~~~~~~~~~~", "w~~~~~~~~~~~~~~~" ],
		[ "w~~~~~~~~~~~~~~~", "w~~~~~~~~~~~~~~~", "w~~~~~~~~~~~~~~~", "w~~~~~~~~~~~~~~~", "w~~~~~~~~~~~~~~~", "w~~~~~~~~~~~~~~~", "w~~~~~~~~~~~~~~~", "w~~~~~~~~~~~~~~~", "w~~~~~~~~~~~~~~~", "w~~~~~~~~~~~~~~~", "w~~~~~~~~~~~~~~~", "w~~~~~~~~~~~~~~~", "w~~~~~~~~~~~~~~~", "w~~~~~~~~~~~~~~~", "w~~~~~~~~~~~~~~~", "w~~~~~~~~~~~~~~~" ]
	],
	"xsize": 16,
	"zsize": 16
}