{
	"meta": [
		{
			"char": "v",
			"key": "support"
		}
	],
	"slices": [
		[ "RRRRRRRuuRRRRRRR", "RRRRRRRuuRRRRRRR", "RRRRRRRuuRRRRRRR", "RRRRRRRuuRRRRRRR", "RRRRRRRuuRRRRRRR", "RRRRRRRuuRRRRRRR", "RRRRRRRuuRRRRRRR", "uuuuuuuuuuuuuuuu", "uuuuuuuuuuuuuuuu", "RRRRRRRuuRRRRRRR", "RRRRRRRuuRRRRRRR", "RRRRRRRuuRRRRRRR", "RRRRRRRuuRRRRRRR", "RRRRRRRuuRRRRRRR", "RRRRRRRuuRRRRRRR", "RRRRRRRuuRRRRRRR" ],
		[ "w~~~~~~~~~~~~~~~", "~~~~~~~~~~~~~~~~", "~~~~~~~~~~~~~~~~", "~~~~~~~~~~~~~~~~", "~~~~~~~~~~~~~~~~", "~~~~~~~~~~~~~~~~", "~~~~~~~~~~~~~~~~", "~~~~~~~~~~~~~~~~", "~~~~~~~~~~~~~~~~", "~~~~~~~~~~~~~~~~", "~~~~~~~~~~~~~~~~", "~~~~~~~~~~~~~~~~", "~~~~~~~~~~~~~~~~", "~~~~~~~~~~~~~~~~", "~~~~~~~~~~~~~~~~", "~~~~~~~~~~~~~~~~" ],
		[ "w~~~~~~~~~~~~~~~", "~~~~~~~~~~~~~~~~", "~~~~~~~~~~~~~~~~", "~~~~~~~~~~~~~~~~", "~~~~~~~~~~~~~~~~", "~~~~~~~~~~~~~~~~", "~~~~~~~~~~~~~~~~", "~~~~~~~~~~~~~~~~", "~~~~~~~~~~~~~~~~", "~~~~~~~~~~~~~~~~", "~~~~~~~~~~~~~~~~", "~~~~~~~~~~~~~~~~", "~~~~~~~~~~~~~~~~", "~~~~~~~~~~~~~~~~", "~~~~~~~~~~~~~~~~", "~~~~~~~~~~~~~~~~" ],
		[ "w~~~~~~~~~~~~~~~", "~~~~~~~~~~~~~~~~", "~~~~~~~~~~~~~~~~", "~~~~~~~~~~~~~~~~", "~~~~~~~~~~~~~~~~", "~~~~~~~~~~~~~~~~", "~~~~~~~~~~~~~~~~", "~~~~~~~~~~~~~~~~", "~~~~~~~~~~~~~~~~", "~~~~~~~~~~~~~~~~", "~~~~~~~~~~~~~~~~", "~~~~~~~~~~~~~~~~", "~~~~~~~~~~~~~~~~", "~~~~~~~~~~~~~~~~", "~~~~~~~~~~~~~~~~", "~~~~~~~~~~~~~~~~" ],
		[ "w~~~~~~~~~~~~~~~", "~~~~~~~~~~~~~~~~", "~~~~~~~~~~~~~~~~", "~~~~~~~~~~~~~~~~", "~~~~~~~~~~~~~~~~", "~~~~~~~~~~~~~~~~", "~~~~~~~~~~~~~~~~", "~~~~~~~~~~~~~~~~", "~~~~~~~~~~~~~~~~", "~~~~~~~~~~~~~~~~", "~~~~~~~~~~~~~~~~", "~~~~~~~~~~~~~~~~", "~~~~~~~~~~~~~~~~", "~~~~~~~~~~~~~~~~", "~~~~~~~~~~~~~~~~", "~~~~~~~~~~~~~~~~" ],
		[ "w~~~~~~~~~~~~~~~", "~~~~~~~~~~~~~~~~", "~~~~~~~~~~~~~~~~", "~~~~~~~~~~~~~~~~", "~~~~~~~~~~~~~~~~", "~~~~~~~~~~~~~~~~", "~~~~~~~~~~~~~~~~", "~~~~~~~~~~~~~~~~", "~~~~~~~~~~~~~~~~", "~~~~~~~~~~~~~~~~", "~~~~~~~~~~~~~~~~", "~~~~~~~~~~~~~~~~", "~~~~~~~~~~~~~~~~", "~~~~~~~~~~~~~~~~", "~~~~~~~~~~~~~~~~", "~~~~~~~~~~~~~~~~" ],
		[ "w~~~~~~~~~~~~~~~", "~~~~~~~~~~~~~~~~", "~~~~~~~~~~~~~~~~", "~~~~~~~~~~~~~~~~", "~~~~~~~~~~~~~~~~", "~~~~~~~~~~~~~~~~", "~~~~~~~~~~~~~~~~", "~~~~~~~~~~~~~~~~", "~~~~~~~~~~~~~~~~", "~~~~~~~~~~~~~~~~", "~~~~~~~~~~~~~~~~", "~~~~~~~~~~~~~~~~", "~~~~~~~~~~~~~~~~", "~~~~~~~~~~~~~~~~", "~~~~~~~~~~~~~~~~", "~~~~~~~~~~~~~~~~" ],
		[ "w~~~~~~~~~~~~~~~", "~~~~~~~~~~~~~~~~", "~~~~~~~~~~~~~~~~", "~~~~~~~~~~~~~~~~", "~~~~~~~~~~~~~~~~", "~~~~~~~~~~~~~~~~", "~~~~~~~~~~~~~~~~", "~~~~~~~~~~~~~~~~", "~~~~~~~~~~~~~~~~", "~~~~~~~~~~~~~~~~", "~~~~~~~~~~~~~~~~", "~~~~~~~~~~~~~~~~", "~~~~~~~~~~~~~~~~", "~~~~~~~~~~~~~~~~", "~~~~~~~~~~~~~~~~", "~~~~~~~~~~~~~~~~" ],
		[ "w~~~~~~~~~~~~~~~", "~~~~~~~~~~~~~~~~", "~~~~~~~~~~~~~~~~", "~~~~~~~~~~~~~~~~", "~~~~~~~~~~~~~~~~", "~~~~~~~~~~~~~~~~", "~~~~~~~~~~~~~~~~", "~~~~~~~~~~~~~~~~", "~~~~~~~~~~~~~~~~", "~~~~~~~~~~~~~~~~", "~~~~~~~~~~~~~~~~", "~~~~~~~~~~~~~~~~", "~~~~~~~~~~~~~~~~", "~~~~~~~~~~~~~~~~", "~~~~~~~~~~~~~~~~", "~~~~~~~~~~~~~~~~" ],
		[ "w~~~~~~~~~~~~~~~", "~~~~~~~~~~~~~~~~", "~~~~~~~~~~~~~~~~", "~~~~~~~~~~~~~~~~", "~~~~~~~~~~~~~~~~", "~~~~~~~~~~~~~~~~", "~~~~~~~~~~~~~~~~", "~~~~~~~~~~~~~~~~", "~~~~~~~~~~~~~~~~", "~~~~~~~~~~~~~~~~", "~~~~~~~~~~~~~~~~", "~~~~~~~~~~~~~~~~", "~~~~~~~~~~~~~~~~", "~~~~~~~~~~~~~~~~", "~~~~~~~~~~~~~~~~", "~~~~~~~~~~~~~~~~" ],
		[ "w~~~~~~~~~~~~~~~", "~~~~~~~~~~~~~~~~", "~~~~~~~~~~~~~~~~", "~~~~~~~~~~~~~~~~", "~~~~~~~~~~~~~~~~", "~~~~~~~~~~~~~~~~", "~~~~~~~~~~~~~~~~", "~~~~~~~~~~~~~~~~", "~~~~~~~~~~~~~~~~", "~~~~~~~~~~~~~~~~", "~~~~~~~~~~~~~~~~", "~~~~~~~~~~~~~~~~", "~~~~~~~~~~~~~~~~", "~~~~~~~~~~~~~~~~", "~~~~~~~~~~~~~~~~", "~~~~~~~~~~~~~~~~" ],
		[ "w~~~~~~~~~~~~~~~", "w~~~~~~~~~~~~~~~", "~~~~~~~~~~~~~~~~", "~~~~~~~~~~~~~~~~", "~~~~~~~~~~~~~~~~", "~~~~~~~~~~~~~~~~", "~~~~~~~~~~~~~~~~", "~~~~~~~~~~~~~~~~", "~~~~~~~~~~~~~~~~", "~~~~~~~~~~~~~~~~", "~~~~~~~~~~~~~~~~", "~~~~~~~~~~~~~~~~", "~~~~~~~~~~~~~~~~", "~~~~~~~~~~~~~~~~", "~~~~~~~~~~~~~~~~", "~~~~~~~~~~~~~~~~" ]
	],
	"xsize": 16,
	"zsize": 16
}