{
	"meta": [
		{
			"char": "v",
			"key": "support"
		}
	],
	"slices": [
		[ "vvvvvvvvvvvvvvvv", "RRRRRRRRRRRRRRRR", "RRRRRRRRRRRRRRRR", "RRRRRRRRRRRRRRRR", "RRRRRRRRRRRRRRRR", "RRRRRRRRRRRRRRRR", "RRRRRRRRRRRRRRRR", "uuuuuuuuuuuuuuuu", "uuuuuuuuuuuuuuuu", "RRRRRRRRRRRRRRRR", "RRRRRRRRRRRRRRRR", "RRRRRRRRRRRRRRRR", "RRRRRRRRRRRRRRRR", "RRRRRRRRRRRRRRRR", "RRRRRRRRRRRRRRRR", "vvvvvvvvvvvvvvvv" ],
		[ "vvvvvvvvvvvvvvvv", "~~~~~~~~~~~~~~~~", "~~~~~~~~~~~~~~~~", "~~~~~~~~~~~~~~~~", "~~~~~~~~~~~~~~~~", "~~~~~~~~~~~~~~~~", "~~~~~~~~~~~~~~~~", "~~~~~~~~~~~~~~~~", "~~~~~~~~~~~~~~~~", "~~~~~~~~~~~~~~~~", "~~~~~~~~~~~~~~~~", "~~~~~~~~~~~~~~~~", "~~~~~~~~~~~~~~~~", "~~~~~~~~~~~~~~~~", "~~~~~~~~~~~~~~~~", "vvvvvvvvvvvvvvvv" ],
		[ "vvvvvvvvvvvvvvvv", "~~~~~~~~~~~~~~~~", "~~~~~~~~~~~~~~~~", "~~~~~~~~~~~~~~~~", "~~~~~~~~~~~~~~~~", "~~~~~~~~~~~~~~~~", "~~~~~~~~~~~~~~~~", "~~~~~~~~~~~~~~~~", "~~~~~~~~~~~~~~~~", "~~~~~~~~~~~~~~~~", "~~~~~~~~~~~~~~~~", "~~~~~~~~~~~~~~~~", "~~~~~~~~~~~~~~~~", "~~~~~~~~~~~~~~~~", "~~~~~~~~~~~~~~~~", "vvvvvvvvvvvvvvvv" ],
		[ "vvvvvvvvvvvvvvvv", "~~~~~~~~T~~~~~~~", "~~~~~~~~~~~~~~~~", "~~~~~~~~~~~~~~~~", "~~~~~~~~~~~~~~~~", "~~~~~~~~~~~~~~~~", "~~~~~~~~~~~~~~~~", "~~~~~~~~~~~~~~~~", "~~~~~~~~~~~~~~~~", "~~~~~~~~~~~~~~~~", "~~~~~~~~~~~~~~~~", "~~~~~~~~~~~~~~~~", "~~~~~~~~~~~~~~~~", "~~~~~~~~~~~~~~~~", "~~~~~~~~T~~~~~~~", "vvvvvvvvvvvvvvvv" ],
		[ "                ", "vvvvvvvvvvvvvvvv", "~~~~~~~~~~~~~~~~", "~~~~~~~~~~~~~~~~", "~~~~~~~~~~~~~~~~", "~~~~~~~~~~~~~~~~", "~~~~~~~~~~~~~~~~", "~~~~~~~~~~~~~~~~", "~~~~~~~~~~~~~~~~", "~~~~~~~~~~~~~~~~", "~~~~~~~~~~~~~~~~", "~~~~~~~~~~~~~~~~", "~~~~~~~~~~~~~~~~", "~~~~~~~~~~~~~~~~", "vvvvvvvvvvvvvvvv", "                " ],
		[ "                ", "                ", "vvvvvvvvvvvvvvvv", "vvvvvvvvvvvvvvvv", "vvvvvvvvvvvvvvvv", "vvvvvvvvvvvvvvvv", "vvvvvvvvvvvvvvvv", "vvvvvvvvvvvvvvvv", "vvvvvvvvvvvvvvvv", "vvvvvvvvvvvvvvvv", "vvvvvvvvvvvvvvvv", "vvvvvvvvvvvvvvvv", "vvvvvvvvvvvvvvvv", "vvvvvvvvvvvvvvvv", "                ", "                " ]
	],
	"xsize": 16,
	"zsize": 16
}