{
	"refpalette": "oilrig",
	"slices": [
		[ "                ", "                ", "                ", "                ", "                ", "                ", "                ", "                ", "                ", "                ", "                ", "                ", "            xxx ", "            xxx ", "            xxx ", "                " ],
		[ "xxxxxxxxxxxxxxxx", "xxxxxxxxxxxxxxxx", "xxxxxxxxxxxxxxxx", "xxxxxxxxxxxxxxxx", "xxxxxxxxxxxxxxxx", "xxxxxxxxxxxxxxxx", "xxxxxxxxxxxxxxxx", "xxxxxxxxxxxxxxxx", "xxxxxxxxxxxxxxxx", "xxxxxxxxxxxxxxxx", "xxxxxxxxxxxxxxxx", "xxxxxxxxxxxxxxxx", "xxxxxxxxxxxxxxxx", "xxxxxxxxxxxxxxxx", "xxxxxxxxxxxxxxxx", "xxxxxxxxxxxxxxxx" ],
		[ "    D         D ", "    D         D ", "    D         D ", "    D         D ", "    D         u ", "    D         D:", "    D    1   CD:", "    D         D ", "    D         D:", "    D         D:", "    D         D ", "    D    1   CDp", "    D         Dp", "    D         D ", "DDDDuDDDDDDDDDu ", "     :: :: ll   " ],
		[ "    :         D ", "    D         D ", "    :         D ", "    D         D ", "    :         u ", "    D         w:", "    :         w:", "    D         D ", "    :         w:", "    D         w:", "    :         D ", "    D         w ", "    :         w ", "    D         D ", "DDDDuwwDwwDwwDu ", "     :: ::      " ],
		[ "    D         D ", "    D         D ", "    D         D ", "    D         D ", "    D         u ", "    D         D:", "    D         D:", "    D         D ", "    D         D:", "    D         D:", "    D         D ", "    D         D8", "    D         D8", "    D         D ", "DDDDuDDDDDDDDDu ", "     :: :: 55   " ],
		[ "xxxxxxxxxxxxxxxx", "xxxxxxxxxxxxxxxx", "xxxxxxxxxxxxxxxx", "xxxxxxxxxxxxxxxx", "xxxxxxxxxxxxxxxx", "xxxxxxxxxxxxxxxx", "xxxxxxxxxxxxxxxx", "xxxxxxxxxxxxxxxx", "xxxxxxxxxxxxxxxx", "xxxxxxxxxxxxxxxx", "xxxxxxxxxxxxxxxx", "xxxxxxxxxxxxxxxx", "xxxxxxxxxxxxxxxx", "xxxxxxxxxxxxxxxx", "xxxxxxxxxxxxxxxx", "xxxxxxxxxxxxxxxx" ],
		[ " =u=D         D ", " ===D         D ", " ===us   2    u ", " ===D    2    D ", " =u=D         D ", " =u=D         D ", " ===D         D ", " ===uDDDDuD  Du ", "                ", "                ", "          ===== ", " & &            ", "          ===== ", " & & 2          ", "          ===== ", "                " ],
		[ "    &         & ", "    2         2 ", "    us        u ", "    2         2 ", "    &         & ", "    &         & ", "    2         2 ", "    u2::2u2  2u ", "                ", "                ", "                ", " = =            ", "                ", " = = 2          ", "                ", "                " ],
		[ "    D         D ", "    D         D ", "    u         u ", "    D         D ", "    D         D ", "    D         D ", "    D         D ", "    uDDDDuDDDDu ", "                ", "                ", "                ", "                ", "                ", "     2          ", "                ", "                " ],
		[ "    =========== ", "    =========== ", "    =========== ", "    =uuuu====== ", "    =u::u====== ", "    =u::u====== ", "    =uuuu====== ", "    =========== ", "                ", "                ", "                ", "                ", "                ", "     2          ", "                ", "                " ],
		[ "                ", "                ", "                ", "     2  2       ", "                ", "                ", "     2  2       ", "                ", "                ", "                ", "                ", "                ", "                ", "     2          ", "                ", "                " ],
		[ "                ", "                ", "                ", "     g  g       ", "                ", "                ", "     g  g       ", "                ", "                ", "                ", "                ", "                ", "     :          ", "    :2:         ", "     :          ", "                " ],
		[ "                ", "                ", "                ", "                ", "                ", "                ", "                ", "                ", "                ", "                ", "                ", "                ", "     :          ", "    :2:         ", "     :          ", "                " ],
		[ "                ", "                ", "                ", "                ", "                ", "                ", "                ", "                ", "                ", "                ", "                ", "                ", "     :          ", "    : :         ", "     :          ", "                " ],
		[ "                ", "                ", "                ", "                ", "                ", "                ", "                ", "                ", "                ", "                ", "                ", "                ", "     g          ", "    g g         ", "     g          ", "                " ],
		[ "                ", "                ", "                ", "                ", "                ", "                ", "                ", "                ", "                ", "                ", "                ", "                ", "                ", "                ", "                ", "                " ],
		[ "                ", "                ", "                ", "                ", "                ", "                ", "                ", "                ", "                ", "                ", "                ", "                ", "                ", "                ", "                ", "                " ],
		[ "                ", "                ", "                ", "                ", "                ", "                ", "                ", "                ", "                ", "                ", "                ", "                ", "                ", "                ", "                ", "                " ],
		[ "                ", "                ", "                ", "                ", "                ", "                ", "                ", "                ", "                ", "                ", "                ", "                ", "                ", "                ", "                ", "                " ],
		[ "                ", "                ", "                ", "                ", "                ", "                ", "                ", "                ", "                ", "                ", "                ", "                ", "                ", "                ", "                ", "                " ],
		[ "                ", "                ", "                ", "                ", "                ", "                ", "                ", "                ", "                ", "                ", "                ", "                ", "                ", "                ", "                ", "                " ],
		[ "                ", "                ", "                ", "                ", "                ", "                ", "                ", "                ", "                ", "                ", "                ", "                ", "                ", "                ", "                ", "                " ]
	],
	"xsize": 16,
	"zsize": 16
}