{
	"meta": [
		{
			"boolean": true,
			"key": "dontconnect"
		}
	],
	"slices": [
		[ " #######))))####", " #SQQSSQQSSQQSSQ", " #QSSQQSSQQSSQQS", " #QSSQQSSQQSSQQS", " #SQQSSQQSSQQSSQ", " #SQQSSQQSSQQSSQ", " #QSSQQSSQQSSQQS", " #QSSQQSSQQSSQQS", " #SQQSSQQSSQQSSQ", " #SQQSSQQSSQQSSQ", " #QSSQQSSQQSSQQS", " #QSSQQSSQQSSQQS", " #SQQSSQQSSQQSSQ", " #SQQSSQQSSQQSSQ", " ###############", "                " ],
		[ " ::::::w    w:::", " :              ", " :              ", " :              ", " :              ", " :              ", " :              ", " :              ", " :              ", " :              ", " :              ", " :              ", " :              ", " :              ", " w::::::::::::::", "                " ],
		[ "       T    T   ", "                ", "                ", "                ", "                ", "                ", "                ", "                ", "                ", "                ", "                ", "                ", "                ", "                ", " w              ", "                " ],
		[ "                ", "                ", "                ", "                ", "                ", "                ", "                ", "                ", "                ", "                ", "                ", "                ", "                ", "                ", " w              ", "                " ],
		[ "                ", "                ", "                ", "                ", "                ", "                ", "                ", "                ", "                ", "                ", "                ", "                ", "                ", "                ", " #              ", "                " ],
		[ "################", "################", "################", "################", "################", "################", "################", "################", "################", "################", "################", "################", "################", "################", "################", "################" ]
	],
	"xsize": 16,
	"zsize": 16
}