{
	"meta": [
		{
			"boolean": true,
			"key": "dontconnect"
		}
	],
	"slices": [
		[ "#QQSSQQSSQQSSQQS", "#SSQQSSQQSSQQSSQ", "#SSQQSSQQSSQQSSQ", "#QQSSQQSSQQSSQQS", "#QQSSQQSSQQSSQQS", "#SSQQSSQQSSQQSSQ", "#SSQQSSQQSSQQSSQ", "#QQSSQQSSQQSSQQS", "#QQSSQQSSQQSSQQS", "#SSQQSSQQSSQQSSQ", "#SSQQSSQQSSQQSSQ", "#QQSSQQSSQQSSQQS", "#QQSSQQSSQQSSQQS", "#SSQQSSQQSSQQSSQ", "#SSQQSSQQSSQQSSQ", "################" ],
		[ " #              ", "                ", "                ", "                ", "                ", "                ", "                ", "                ", "                ", "                ", "                ", "                ", "                ", "                ", " #              ", "                " ],
		[ " w              ", "                ", "                ", "                ", "                ", "                ", "                ", "                ", "                ", "                ", "                ", "                ", "                ", "                ", " w              ", "                " ],
		[ " w              ", "                ", "                ", "                ", "                ", "                ", "                ", "                ", "                ", "                ", "                ", "                ", "                ", "                ", " w              ", "                " ],
		[ " w              ", "                ", "                ", "                ", "                ", "                ", "                ", "                ", "                ", "                ", "                ", "                ", "                ", "                ", " w              ", "                " ],
		[ " w              ", "                ", "                ", "                ", "                ", "                ", "                ", "                ", "                ", "                ", "                ", "                ", "                ", "                ", " w              ", "                " ]
	],
	"xsize": 16,
	"zsize": 16
}