{
	"meta": [
		{
			"boolean": true,
			"key": "dontconnect"
		}
	],
	"slices": [
		[ "aaaaaaaaaaaaaaaa", "a               ", "a               ", "a               ", "a               ", "a               ", "a               ", "a               ", "a               ", "a               ", "a               ", "a               ", "a               ", "a               ", "a               ", "a      w    w   " ],
		[ "aaaaaaaaaaaaaaaa", "a               ", "a               ", "a               ", "a               ", "a               ", "a               ", "a               ", "a               ", "a               ", "a               ", "a               ", "a               ", "a               ", "a               ", "a               " ],
		[ "aaaaaaaaaaaaaaaa", "a               ", "a               ", "a               ", "a               ", "a               ", "a               ", "a               ", "a               ", "a               ", "a               ", "a               ", "a               ", "a               ", "a               ", "a               " ],
		[ "aaaaaaaaaaaaaaaa", "a               ", "a               ", "a               ", "a               ", "a               ", "a               ", "a               ", "a               ", "a               ", "a               ", "a               ", "a               ", "a               ", "a               ", "a               " ],
		[ "aaaaaaaaaaaaaaaa", "a               ", "a               ", "a               ", "a               ", "a               ", "a               ", "a               ", "a               ", "a               ", "a               ", "a               ", "a               ", "a               ", "a               ", "a               " ],
		[ "################", "################", "################", "################", "################", "################", "################", "################", "################", "################", "################", "################", "################", "################", "################", "################" ]
	],
	"xsize": 16,
	"zsize": 16
}