{
	"slices": [
		[ "QQQQQQQQQQQQQQQQ", "QSSQQSSQQSSQQSSQ", "QSSQQSSQQSSQQSSQ", "SQQSSQQSSQQSSQQQ", "SQQSSQQSSQQSSQQQ", "QSSQQSSQQSSQQSSQ", "QSSQQSSQQSSQQSSQ", "SQQSSQQSSQQSSQQQ", "SQQSSQQSSQQSSQQQ", "QSSQQSSQQSSQQSSQ", "QSSQQSSQQSSQQSSQ", "SQQSSQQSSQQSSQQQ", "SQQSSQQSSQQSSQQQ", "QSSQQSSQQSSQQSSQ", "QSSQQSSQQSSQQSSQ", "SQQSSQQSSQQSSQQQ" ],
		[ "################", ":              #", ":              #", ":              #", ":              #", ":              #", ":              #", ":              #", ":              #", ":              #", ":              #", ":              #", ":              #", ":              #", ":              #", ":              #" ],
		[ "################", "               #", "               #", "               #", "               #", "               #", "               #", "               #", "               #", "               #", "               #", "               #", "               #", "               #", "               #", "               #" ],
		[ "##aa#aa#aa#aa###", "       T       #", "               #", "               a", "               a", "               #", "               a", "               a", "              T#", "               a", "               a", "               #", "               a", "               a", "               #", "               a" ],
		[ "################", "               #", "               #", "               #", "               #", "               #", "               #", "               #", "               #", "               #", "               #", "               #", "               #", "               #", "               #", "               #" ],
		[ "################", "################", "################", "################", "################", "################", "################", "################", "################", "################", "################", "################", "################", "################", "################", "################" ]
	],
	"xsize": 16,
	"zsize": 16
}