{
	"meta": [
		{
			"boolean": true,
			"key": "dontconnect"
		}
	],
	"slices": [
		[ "                ", " w              ", "                ", "                ", "                ", "                ", "                ", "                ", "                ", "       w    w   ", "       #))))#   ", "                ", "                ", "                ", "                ", "       w    w   " ],
		[ "                ", " w              ", "                ", "                ", "                ", "                ", "                ", "                ", "                ", "                ", "       w    w   ", "       #))))#   ", "                ", "                ", "                ", "       w    w   " ],
		[ "                ", " w              ", "                ", "                ", "                ", "                ", "                ", "                ", "                ", "                ", "                ", "       w    w   ", "       #))))#   ", "                ", "                ", "       w    w   " ],
		[ "                ", " w              ", "                ", "                ", "                ", "                ", "                ", "                ", "                ", "                ", "                ", "                ", "       w    w   ", "       #))))#   ", "                ", "       w    w   " ],
		[ "                ", " w              ", "                ", "                ", "                ", "                ", "                ", "                ", "                ", "                ", "                ", "                ", "                ", "       w    w   ", "       #))))#   ", "       w    w   " ],
		[ "                ", " w              ", "                ", "                ", "                ", "                ", "                ", "                ", "                ", "                ", "                ", "                ", "                ", "                ", "       w    w   ", "       #))))#   " ]
	],
	"xsize": 16,
	"zsize": 16
}