{
	"slices": [
		[ "SQQSSQQSSQQSSQQQ", "QSSQQSSQQSSQQSSQ", "QSSQQSSQQSSQQSSQ", "SQQSSQQSSQQSSQQQ", "SQQSSQQSSQQSSQQQ", "QSSQQSSQQSSQQSSQ", "QSSQQSSQQSSQQSSQ", "SQQSSQQSSQQSSQQQ", "SQQSSQQSSQQSSQQQ", "QSSQQSSQQSSQQSSQ", "QSSQQSSQQSSQQSSQ", "SQQSSQQSSQQSSQQQ", "SQQSSQQSSQQSSQQQ", "QSSQQSSQQSSQQSSQ", "QSSQQSSQQSSQQSSQ", "QQQQQQQQQQQQQQQQ" ],
		[ ":              #", "               #", "               #", "               #", "               #", "               #", "               #", "               #", "       `))`    #", "       `  `    #", "       `  `    #", ":      `  `    #", ":      `  `    #", ":      `  `    #", ":              #", "################" ],
		[ "               #", "               #", "               #", "               #", "               #", "               #", "               #", "               #", "       `  `    #", "       `))`    #", "       `       #", "       `       #", "       `       #", "       `       #", "               #", "################" ],
		[ "               a", "               #", "               a", "               a", "               #", "               a", "               a", "              T#", "       `  `    a", "       `  `    a", "       `))`    #", "       `  `    a", "       `  `    a", "       `  `    #", "       T       #", "##aa#aa#aa#aa###" ],
		[ "               #", "               #", "               #", "               #", "               #", "               #", "               #", "               #", "       `  `    #", "       `  `    #", "       `  `    #", "       `))`    #", "       `  `    #", "       `  `    #", "               #", "################" ],
		[ "################", "################", "################", "################", "################", "################", "################", "################", "########  ######", "########  ######", "########  ######", "########  ######", "########))######", "################", "################", "################" ]
	],
	"xsize": 16,
	"zsize": 16
}