{
	"meta": [
		{
			"boolean": true,
			"key": "dontconnect"
		}
	],
	"slices": [
		[ "a              a", "a              a", "a             ##", "a             a ", "a             a ", "a             a ", "a             ##", "a              a", "a              a", "a             ##", "a             a ", "a             a ", "a             a ", "a             ##", "a #aaa#  #aaa###", "###   #aa#   ###" ],
		[ "a              a", "a              a", "a             ##", "a             a ", "a             a ", "a             a ", "a             ##", "a              a", "a              a", "a             ##", "a             a ", "a             a ", "a             a ", "a             ##", "a #aaa#  #aaa###", "###   #aa#   ###" ],
		[ "a              a", "a              a", "a             ##", "a             a ", "a             a ", "a             a ", "a             ##", "a              a", "a              a", "a             ##", "a             a ", "a             a ", "a             a ", "a             ##", "a #aaa#  #aaa###", "###   #aa#   ###" ],
		[ "a              a", "a              a", "a             ##", "a             a ", "a             a ", "a             a ", "a             ##", "a              a", "a              a", "a             ##", "a             a ", "a             a ", "a             a ", "a             ##", "a #aaa#  #aaa###", "###   #aa#   ###" ],
		[ "a              #", "a              #", "a             ##", "a             # ", "a             # ", "a             # ", "a             ##", "a              #", "a              #", "a             ##", "a             # ", "a             # ", "a             # ", "a             ##", "a #####  #######", "###   ####   ###" ],
		[ "a             ##", "a             ##", "a             ##", "a             ##", "a             ##", "a             ##", "a             ##", "a             ##", "a             ##", "a             ##", "a             ##", "a             ##", "a             ##", "a             ##", "################", "################" ]
	],
	"xsize": 16,
	"zsize": 16
}