{
	"meta": [
		{
			"boolean": true,
			"key": "dontconnect"
		}
	],
	"slices": [
		[ "###   #aa#   ###", "# #aaa#  #aaa###", "a             ##", "a             a ", "a             a ", "a             a ", "a             ##", "a              a", "a              a", "a             ##", "a             a ", "a             a ", "a             a ", "a             ##", "a              a", "a              a" ],
		[ "###   #aa#   ###", "# #aaa#  #aaa###", "a             ##", "a             a ", "a             a ", "a             a ", "a             ##", "a              a", "a              a", "a             ##", "a             a ", "a             a ", "a             a ", "a             ##", "a              a", "a              a" ],
		[ "###   #aa#   ###", "# #aaa#  #aaa###", "a             ##", "a             a ", "a             a ", "a             a ", "a             ##", "a              a", "a              a", "a             ##", "a             a ", "a             a ", "a             a ", "a             ##", "a              a", "a              a" ],
		[ "###   #aa#   ###", "# #aaa#  #aaa###", "a             ##", "a             a ", "a             a ", "a             a ", "a             ##", "a              a", "a              a", "a             ##", "a             a ", "a             a ", "a             a ", "a             ##", "a              a", "a              a" ],
		[ "###   ####   ###", "# #####  #######", "a             ##", "a             # ", "a             # ", "a             # ", "a             ##", "a              #", "a              #", "a             ##", "a             # ", "a             # ", "a             # ", "a             ##", "a              #", "a              #" ],
		[ "################", "################", "a             ##", "a             ##", "a             ##", "a             ##", "a             ##", "a             ##", "a             ##", "a             ##", "a             ##", "a             ##", "a             ##", "a             ##", "a             ##", "a             ##" ]
	],
	"xsize": 16,
	"zsize": 16
}