{
	"meta": [
		{
			"boolean": true,
			"key": "dontconnect"
		}
	],
	"slices": [
		[ "a               ", "a               ", "a               ", "a               ", "a               ", "a               ", "a               ", "a               ", "a               ", "a               ", "a               ", "a               ", "a               ", "a               ", "a               ", "aaaaaaaaaaaaaaaa" ],
		[ "a               ", "a               ", "a               ", "a               ", "a               ", "a               ", "a               ", "a               ", "a               ", "a               ", "a               ", "a               ", "a               ", "a               ", "a               ", "aaaaaaaaaaaaaaaa" ],
		[ "a               ", "a               ", "a               ", "a               ", "a               ", "a               ", "a               ", "a               ", "a               ", "a               ", "a               ", "a               ", "a               ", "a               ", "a               ", "aaaaaaaaaaaaaaaa" ],
		[ "a               ", "a               ", "a               ", "a               ", "a               ", "a               ", "a               ", "a               ", "a               ", "a               ", "a               ", "a               ", "a               ", "a               ", "a               ", "aaaaaaaaaaaaaaaa" ],
		[ "a               ", "a               ", "a               ", "a               ", "a               ", "a               ", "a               ", "a               ", "a               ", "a               ", "a               ", "a               ", "a               ", "a               ", "a               ", "aaaaaaaaaaaaaaaa" ],
		[ "a               ", "a               ", "a               ", "a               ", "a               ", "a               ", "a               ", "a               ", "a               ", "a               ", "a               ", "a               ", "a               ", "a               ", "a               ", "aaaaaaaaaaaaaaaa" ]
	],
	"xsize": 16,
	"zsize": 16
}