{
	"slices": [
		[ "                ", "                ", "  ###           ", "  # #           ", "  ###           ", "                ", "    aaaaaaa     ", "    a:   :a     ", "                ", "                ", "                ", "    a:   :a     ", "    aaaaaaa     ", "                ", "                ", "                " ],
		[ "                ", "                ", "  : :           ", "                ", "  : :           ", "                ", "    aaaaaaa     ", "    a:   :a     ", "                ", "                ", "                ", "    a:   :a     ", "    aaaaaaa     ", "                ", "                ", "                " ],
		[ "                ", "                ", "  : :           ", "                ", "  : :           ", "                ", "    #######     ", "    #######     ", "    #######     ", "    #######     ", "    #######     ", "    #######     ", "    #######     ", "                ", "                ", "                " ],
		[ "                ", "                ", "                ", "                ", "                ", "                ", "                ", "      :         ", "                ", "                ", "                ", "                ", "                ", "                ", "                ", "                " ],
		[ "                ", "                ", "                ", "                ", "                ", "                ", "                ", "      :         ", "                ", "                ", "                ", "                ", "                ", "                ", "                ", "                " ],
		[ "                ", "                ", "                ", "                ", "                ", "                ", "                ", "                ", "                ", "                ", "                ", "                ", "                ", "                ", "                ", "                " ]
	],
	"xsize": 16,
	"zsize": 16
}