{
	"slices": [
		[ "                ", "                ", "                ", "                ", "                ", "                ", "                ", "                ", "                ", "         :  :   ", "         :  :   ", "         :  :   ", "         :  :   ", "                ", "                ", "                " ],
		[ "                ", "                ", "                ", "                ", "                ", "                ", "                ", "                ", "                ", "         :  :   ", "         :  :   ", "         :  :   ", "         :  :   ", "                ", "                ", "                " ],
		[ "                ", "                ", "                ", "                ", "                ", "                ", "                ", "                ", "                ", "         ____   ", "         ____   ", "         ____   ", "         ____   ", "                ", "                ", "                " ]
	],
	"xsize": 16,
	"zsize": 16
}