{
	"slices": [
		[ "                ", "                ", "  ###           ", "  ###           ", "  ###           ", "                ", "                ", "                ", "                ", "                ", "                ", "                ", "                ", "                ", "                ", "                " ],
		[ "                ", "                ", "                ", "   :            ", "                ", "                ", "                ", "                ", "                ", "                ", "                ", "                ", "                ", "                ", "                ", "                " ],
		[ "                ", "                ", "                ", "   :            ", "                ", "                ", "                ", "                ", "                ", "                ", "                ", "                ", "                ", "                ", "                ", "                " ],
		[ "                ", "                ", "   :            ", "  :::           ", "   :            ", "                ", "                ", "                ", "                ", "                ", "                ", "                ", "                ", "                ", "                ", "                " ]
	],
	"xsize": 16,
	"zsize": 16
}