{
	"slices": [
		[ "################", "#SQSQSQSQSQSQS##", "SQSQSQSQSQSQSQS#", "QSQSQSQSQSQSQSQ#", "SQSQSQSQSQSQSQS#", "QSQSQSQSQSQSQSQ#", "SQSQSQSQSQSQSQS#", "QSQSQSQSQSQSQSQ#", "SQSQSQSQSQSQSQS#", "QSQSQSQSQSQSQSQ#", "SQSQSQSQSQSQSQS#", "QSQSQSQSQSQSQSQ#", "SQSQSQSQSQSQSQS#", "QSQSQSQSQSQSQSQ#", "SQSQSQSQSQSQSQS#", "QSQSQSQSQSQSQS##" ],
		[ "#::#########::##", "#             ##", "               :", "               :", "               #", "               #", "               #", "               #", "               #", "               #", "               #", "               #", "               #", "               :", "               :", "              ##" ],
		[ "#::#########::##", "#             ##", "               :", "               :", "               #", "               #", "               #", "               #", "               #", "               #", "               #", "               #", "               #", "               :", "               :", "              ##" ],
		[ "#::#########::##", "#             ##", "               :", "               :", "               #", "               #", "               #", "               #", "               #", "               #", "               #", "               #", "               #", "               :", "               :", "              ##" ],
		[ "#::#########::##", "#             ##", "               :", "               :", "               #", "               #", "               #", "               #", "               #", "               #", "               #", "               #", "               #", "               :", "               :", "              ##" ],
		[ "################", "################", "################", "################", "################", "################", "################", "################", "################", "################", "################", "################", "################", "################", "################", "################" ]
	],
	"xsize": 16,
	"zsize": 16
}