{
	"slices": [
		[ "SQSQSQSQSQSQSQ##", "QSQSQSQSQSQSQSQ#", "SQSQSQSQSQSQSQS#", "QSQSQSQSQSQSQSQ#", "SQSQSQSQSQSQSQS#", "QSQSQSQSQSQSQSQ#", "SQSQSQSQSQSQSQS#", "QSQSQSQSQSQSQSQ#", "SQSQSQSQSQSQSQS#", "QSQSQSQSQSQSQSQ#", "SQSQSQSQSQSQSQS#", "QSQSQSQSQSQSQSQ#", "SQSQSQSQSQSQSQS#", "QSQSQSQSQSQSQSQ#", "#QSQSQSQSQSQSQ##", "################" ],
		[ "              ##", "               :", "               :", "               #", "               #", "               #", "               #", "               #", "               #", "               #", "               #", "               #", "               :", "               :", "#             ##", "#::#########::##" ],
		[ "              ##", "               :", "               :", "               #", "               #", "               #", "               #", "               #", "               #", "               #", "               #", "               #", "               :", "               :", "#             ##", "#::#########::##" ],
		[ "              ##", "               :", "               :", "               #", "               #", "               #", "               #", "               #", "               #", "               #", "               #", "               #", "               :", "               :", "#             ##", "#::#########::##" ],
		[ "              ##", "               :", "               :", "               #", "               #", "               #", "               #", "               #", "               #", "               #", "               #", "               #", "               :", "               :", "#             ##", "#::#########::##" ],
		[ "################", "################", "################", "################", "################", "################", "################", "################", "################", "################", "################", "################", "################", "################", "################", "################" ]
	],
	"xsize": 16,
	"zsize": 16
}