{
	"palette": [
		{
			"block": "minecraft:spawner",
			"char": "1",
			"mob": "easymobs"
		},
		{
			"block": "minecraft:spawner",
			"char": "4",
			"mob": "hardmobs"
		},
		{
			"block": "minecraft:wall_torch[facing=north]",
			"char": "T",
			"torch": true
		},
		{
			"block": "minecraft:glowstone",
			"char": "h"
		},
		{
			"block": "minecraft:redstone_torch[lit=true]",
			"char": "g"
		},
		{
			"blocks": [
				{
					"block": "minecraft:cyan_terracotta",
					"random": 32
				},
				{
					"block": "minecraft:gray_terracotta",
					"random": 32
				},
				{
					"block": "minecraft:cyan_concrete",
					"random": 32
				},
				{
					"block": "minecraft:gray_concrete",
					"random": 1000
				}
			],
			"char": "9"
		},
		{
			"block": "minecraft:white_stained_glass",
			"char": "Y"
		},
		{
			"blocks": [
				{
					"block": "minecraft:glass",
					"random": 32
				},
				{
					"block": "minecraft:gray_stained_glass",
					"random": 32
				},
				{
					"block": "minecraft:blue_stained_glass",
					"random": 32
				},
				{
					"block": "minecraft:light_blue_stained_glass",
					"random": 1000
				}
			],
			"char": "Z"
		},
		{
			"blocks": [
				{
					"block": "minecraft:poppy",
					"random": 30
				},
				{
					"block": "minecraft:dandelion",
					"random": 30
				},
				{
					"block": "minecraft:oak_sapling[stage=1]",
					"random": 15
				},
				{
					"block": "minecraft:spruce_sapling[stage=1]",
					"random": 15
				},
				{
					"block": "minecraft:birch_sapling[stage=1]",
					"random": 15
				},
				{
					"block": "minecraft:acacia_sapling[stage=1]",
					"random": 1000
				}
			],
			"char": "p"
		},
		{
			"blocks": [
				{
					"block": "minecraft:poppy",
					"random": 64
				},
				{
					"block": "minecraft:dandelion",
					"random": 1000
				}
			],
			"char": "K"
		},
		{
			"blocks": [
				{
					"block": "minecraft:diamond_block",
					"random": 15
				},
				{
					"block": "minecraft:gold_block",
					"random": 20
				},
				{
					"block": "minecraft:emerald_block",
					"random": 15
				},
				{
					"block": "minecraft:iron_block",
					"random": 1000
				}
			],
			"char": "!"
		},
		{
			"blocks": [
				{
					"block": "minecraft:furnace[facing=north]",
					"random": 25
				},
				{
					"block": "minecraft:crafting_table",
					"random": 20
				},
				{
					"block": "minecraft:brewing_stand",
					"random": 7
				},
				{
					"block": "minecraft:anvil[facing=north]",
					"random": 6
				},
				{
					"block": "minecraft:cauldron",
					"random": 5
				},
				{
					"block": "minecraft:enchanting_table",
					"random": 2
				},
				{
					"block": "minecraft:cobweb",
					"random": 1000
				}
			],
			"char": "F"
		},
		{
			"blocks": [
				{
					"block": "minecraft:cobweb",
					"random": 40
				},
				{
					"block": "minecraft:air",
					"random": 1000
				}
			],
			"char": "%"
		},
		{
			"block": "minecraft:potted_cactus",
			"char": "*"
		},
		{
			"block": "minecraft:ladder[facing=north]",
			"char": "l"
		},
		{
			"block": "minecraft:oak_pressure_plate",
			"char": "-"
		},
		{
			"block": "minecraft:oak_fence",
			"char": "."
		},
		{
			"block": "minecraft:bookshelf",
			"char": "L"
		},
		{
			"block": "minecraft:water",
			"char": "W"
		},
		{
			"block": "minecraft:chest[facing=north]",
			"char": "C",
			"loot": "chestloot"
		},
		{
			"block": "minecraft:grass_block",
			"char": "G"
		},
		{
			"block": "minecraft:dirt",
			"char": "D"
		},
		{
			"block": "minecraft:air",
			"char": " "
		},
		{
			"block": "minecraft:command_block",
			"char": "~"
		}
	]
}