{
	"palette": [
		{
			"block": "minecraft:quartz_block",
			"char": "Q",
			"damaged": "minecraft:iron_bars"
		},
		{
			"block": "minecraft:cyan_terracotta",
			"char": "R",
			"damaged": "minecraft:iron_bars"
		},
		{
			"block": "minecraft:smooth_stone_slab[type=double]",
			"char": "u",
			"damaged": "minecraft:iron_bars"
		},
		{
			"block": "minecraft:red_sandstone_slab[type=double]",
			"char": "S",
			"damaged": "minecraft:iron_bars"
		},
		{
			"block": "minecraft:structure_void",
			"char": "b"
		},
		{
			"block": "minecraft:red_nether_bricks",
			"char": "B",
			"damaged": "minecraft:iron_bars"
		},
		{
			"blocks": [
				{
					"block": "minecraft:cracked_stone_bricks",
					"random": 10
				},
				{
					"block": "minecraft:mossy_stone_bricks",
					"random": 9
				},
				{
					"block": "minecraft:stone_bricks",
					"random": 2000
				}
			],
			"char": "v",
			"damaged": "minecraft:iron_bars"
		},
		{
			"blocks": [
				{
					"block": "minecraft:cracked_stone_bricks",
					"random": 10
				},
				{
					"block": "minecraft:mossy_stone_bricks",
					"random": 9
				},
				{
					"block": "minecraft:stone_bricks",
					"random": 2000
				}
			],
			"char": "y",
			"damaged": "minecraft:iron_bars"
		},
		{
			"block": "minecraft:cut_sandstone",
			"char": "x"
		},
		{
			"block": "minecraft:smooth_stone_slab[type=bottom]",
			"char": "_"
		},
		{
			"block": "minecraft:smooth_stone_slab[type=bottom]",
			"char": "="
		},
		{
			"block": "minecraft:cobblestone_wall",
			"char": "w"
		},
		{
			"block": "minecraft:iron_bars",
			"char": ":"
		},
		{
			"block": "minecraft:stone_brick_stairs[facing=west,half=bottom,shape=straight]",
			"char": "A"
		},
		{
			"block": "minecraft:stone_brick_stairs[facing=east,half=bottom,shape=straight]",
			"char": "t"
		},
		{
			"block": "minecraft:stone_brick_stairs[facing=north,half=bottom,shape=straight]",
			"char": "z"
		},
		{
			"block": "minecraft:stone_brick_stairs[facing=south,half=bottom,shape=straight]",
			"char": "c"
		},
		{
			"block": "minecraft:stone_brick_stairs[facing=north,half=top,shape=straight]",
			"char": "d"
		},
		{
			"block": "minecraft:quartz_stairs[facing=north,half=bottom,shape=straight]",
			"char": "("
		},
		{
			"block": "minecraft:quartz_stairs[facing=south,half=bottom,shape=straight]",
			"char": ")"
		},
		{
			"block": "minecraft:stone_stairs[facing=west,half=bottom,shape=straight]",
			"char": "/"
		}
	]
}