{
	"palette": [
		{
			"block": "minecraft:diamond_block",
			"char": "M"
		},
		{
			"block": "minecraft:obsidian",
			"char": "q"
		},
		{
			"block": "minecraft:black_stained_glass",
			"char": "I"
		},
		{
			"block": "minecraft:polished_blackstone_bricks",
			"char": "0"
		},
		{
			"block": "minecraft:cracked_polished_blackstone_bricks",
			"char": "["
		},
		{
			"block": "minecraft:sea_lantern",
			"char": "J"
		},
		{
			"block": "minecraft:spruce_pressure_plate[powered=false]",
			"char": "P"
		},
		{
			"block": "minecraft:oak_fence[east=false,north=true,south=true,west=true]",
			"char": "E"
		},
		{
			"block": "minecraft:smooth_stone",
			"char": "2"
		},
		{
			"block": "minecraft:barrel[facing=east,open=false]",
			"char": "s"
		},
		{
			"block": "minecraft:barrel[facing=west,open=false]",
			"char": "N"
		},
		{
			"block": "minecraft:barrel[facing=south,open=false]",
			"char": "U"
		},
		{
			"block": "minecraft:red_concrete",
			"char": "&"
		},
		{
			"block": "minecraft:stone_pressure_plate[powered=false]",
			"char": "m"
		},
		{
			"block": "minecraft:iron_trapdoor[facing=east,half=bottom,open=false,powered=false]",
			"char": "V"
		},
		{
			"block": "minecraft:smooth_stone_slab[type=top,waterlogged=false]",
			"char": "^"
		},
		{
			"block": "minecraft:ladder[facing=east]",
			"char": "j"
		},
		{
			"block": "minecraft:iron_door[facing=south,half=upper,hinge=left,open=false,powered=false]",
			"char": "O"
		},
		{
			"block": "minecraft:iron_door[facing=south,half=lower,hinge=left,open=false,powered=false]",
			"char": "n"
		},
		{
			"block": "minecraft:iron_door[facing=north,half=lower,hinge=right]",
			"char": "_"
		},
		{
			"block": "minecraft:iron_door[facing=north,half=upper,hinge=right]",
			"char": "-"
		},
		{
			"block": "minecraft:lever[face=wall,facing=south]",
			"char": "L"
		},
		{
			"block": "minecraft:polished_diorite",
			"char": "D"
		},
		{
			"block": "minecraft:polished_diorite_stairs[facing=north,half=top,shape=straight]",
			"char": "5"
		},
		{
			"block": "minecraft:polished_diorite_stairs[facing=east,half=top,shape=straight]",
			"char": "6"
		},
		{
			"block": "minecraft:polished_diorite_stairs[facing=south,half=top,shape=straight]",
			"char": "7"
		},
		{
			"block": "minecraft:polished_diorite_stairs[facing=west,half=top,shape=straight]",
			"char": "8"
		},
		{
			"block": "minecraft:polished_diorite_stairs[facing=north,half=bottom,shape=straight]",
			"char": "l"
		},
		{
			"block": "minecraft:polished_diorite_stairs[facing=east,half=bottom,shape=straight]",
			"char": "i"
		},
		{
			"block": "minecraft:polished_diorite_stairs[facing=south,half=bottom,shape=straight]",
			"char": "o"
		},
		{
			"block": "minecraft:polished_diorite_stairs[facing=west,half=bottom,shape=straight]",
			"char": "p"
		},
		{
			"block": "minecraft:yellow_concrete",
			"char": "3"
		},
		{
			"block": "minecraft:redstone_wall_torch[facing=east,lit=true]",
			"char": "|"
		},
		{
			"block": "minecraft:diorite_wall",
			"char": "w"
		},
		{
			"block": "minecraft:stone_stairs[facing=east,half=bottom,shape=straight]",
			"char": "e"
		},
		{
			"block": "minecraft:rail[shape=north_south]",
			"char": "k"
		},
		{
			"block": "minecraft:mossy_stone_brick_stairs[facing=east,half=bottom,shape=straight]",
			"char": "f"
		},
		{
			"block": "minecraft:lever[face=wall,facing=north,powered=false]",
			"char": "r"
		}
	]
}