{
	"palette": [
		{
			"block": "minecraft:rail[shape=north_south]",
			"char": "k"
		},
		{
			"block": "minecraft:rail[shape=east_west]",
			"char": "e"
		},
		{
			"block": "minecraft:rail[shape=ascending_east]",
			"char": "j"
		},
		{
			"block": "minecraft:rail[shape=south_east]",
			"char": "q"
		},
		{
			"block": "minecraft:rail[shape=south_west]",
			"char": "s"
		},
		{
			"block": "minecraft:rail[shape=north_west]",
			"char": "r"
		},
		{
			"block": "minecraft:rail[shape=north_east]",
			"char": "n"
		},
		{
			"block": "minecraft:powered_rail[powered=true,shape=north_south]",
			"char": "m"
		},
		{
			"block": "minecraft:powered_rail[powered=true,shape=ascending_south]",
			"char": "E"
		},
		{
			"block": "minecraft:powered_rail[powered=true,shape=ascending_north]",
			"char": "H"
		},
		{
			"block": "minecraft:powered_rail[powered=true,shape=east_west]",
			"char": "f"
		},
		{
			"block": "minecraft:powered_rail[powered=true,shape=ascending_east]",
			"char": "i"
		}
	]
}