{
	"credit": "Made by Trex Gang",
	"ambientocclusion": false,
	"textures": {
		"1": "block/crimson_roots",
		"particle": "block/crimson_roots"
	},
	"elements": [
		{
			"from": [8, 0, 0],
			"to": [8, 16, 16],
			"shade": false,
			"rotation": {"angle": 45, "axis": "y", "origin": [8, 8, 8]},
			"faces": {
				"north": {"uv": [0, 0, 0, 16], "texture": "#missing"},
				"east": {"uv": [0, 0, 16, 16], "texture": "#1"},
				"south": {"uv": [0, 0, 0, 16], "texture": "#missing"},
				"west": {"uv": [0, 0, 16, 16], "texture": "#1"},
				"up": {"uv": [0, 0, 16, 0], "rotation": 270, "texture": "#missing"},
				"down": {"uv": [0, 0, 16, 0], "rotation": 90, "texture": "#missing"}
			}
		},
		{
			"from": [0, 0, 8],
			"to": [16, 16, 8],
			"shade": false,
			"rotation": {"angle": 45, "axis": "y", "origin": [8, 8, 8]},
			"faces": {
				"north": {"uv": [0, 0, 16, 16], "texture": "#1"},
				"east": {"uv": [0, 0, 0, 16], "texture": "#missing"},
				"south": {"uv": [0, 0, 16, 16], "texture": "#1"},
				"west": {"uv": [0, 0, 0, 16], "texture": "#missing"},
				"up": {"uv": [0, 0, 16, 0], "rotation": 180, "texture": "#missing"},
				"down": {"uv": [0, 0, 16, 0], "rotation": 180, "texture": "#missing"}
			}
		},
		{
			"from": [8, 0, 0],
			"to": [8, 16, 16],
			"shade": false,
			"rotation": {"angle": 0, "axis": "y", "origin": [8, 8, 8]},
			"faces": {
				"north": {"uv": [0, 0, 0, 16], "texture": "#missing"},
				"east": {"uv": [0, 0, 16, 16], "texture": "#1"},
				"south": {"uv": [0, 0, 0, 16], "texture": "#missing"},
				"west": {"uv": [0, 0, 16, 16], "texture": "#1"},
				"up": {"uv": [0, 0, 16, 0], "rotation": 90, "texture": "#missing"},
				"down": {"uv": [0, 0, 16, 0], "rotation": 270, "texture": "#missing"}
			}
		},
		{
			"from": [0, 0, 8],
			"to": [16, 16, 8],
			"shade": false,
			"rotation": {"angle": 0, "axis": "y", "origin": [8, 8, 8]},
			"faces": {
				"north": {"uv": [0, 0, 16, 16], "texture": "#1"},
				"east": {"uv": [0, 0, 0, 16], "texture": "#missing"},
				"south": {"uv": [0, 0, 16, 16], "texture": "#1"},
				"west": {"uv": [0, 0, 0, 16], "texture": "#missing"},
				"up": {"uv": [0, 0, 16, 0], "texture": "#missing"},
				"down": {"uv": [0, 0, 16, 0], "texture": "#missing"}
			}
		}
	]
}