{
	"allowDoors": true,
	"allowFillers": true,
	"filler": "#",
	"palette": {
		"palette": [
			{
				"char": "#",
				"damaged": "minecraft:iron_bars",
				"variant": "deepslate"
			},
			{
				"char": "}",
				"damaged": "minecraft:iron_bars",
				"variant": "deepslate_rubble"
			}
		]
	},
	"parts": [
		{
			"part": "building5_1",
			"top": false
		},
		{
			"part": "building5_2",
			"top": false
		},
		{
			"part": "building5_3",
			"top": false
		},
		{
			"part": "building5_4",
			"top": false
		},
		{
			"part": "top1x1_2",
			"top": true
		},
		{
			"part": "top1x1_3",
			"top": true
		},
		{
			"part": "top1x1_4",
			"top": true
		},
		{
			"part": "top1x1_5",
			"top": true
		}
	],
	"rubble": "}"
}