{
	"allowDoors": true,
	"allowFillers": true,
	"filler": "#",
	"parts": [
		{
			"part": "building1_1",
			"top": false
		},
		{
			"part": "building1_2",
			"top": false
		},
		{
			"part": "building1_3",
			"top": false
		},
		{
			"part": "building1_4",
			"top": false
		},
		{
			"part": "building1_5",
			"top": false
		},
		{
			"part": "building1_6",
			"top": false
		},
		{
			"part": "building1_7",
			"top": false
		},
		{
			"part": "building1_8",
			"top": false
		},
		{
			"part": "building1_9",
			"top": false
		},
		{
			"part": "top1x1_1",
			"top": true
		},
		{
			"part": "top1x1_2",
			"top": true
		},
		{
			"part": "top1x1_3",
			"top": true
		},
		{
			"part": "top1x1_4",
			"top": true
		},
		{
			"part": "top1x1_5",
			"top": true
		}
	],
	"rubble": "}"
}