{
	"allowDoors": true,
	"allowFillers": true,
	"filler": "#",
	"palette": {
		"palette": [
			{
				"char": "#",
				"damaged": "minecraft:iron_bars",
				"variant": "blackstone"
			},
			{
				"char": "}",
				"damaged": "minecraft:iron_bars",
				"variant": "blackstone_rubble"
			}
		]
	},
	"parts": [
		{
			"part": "building4_1",
			"top": false
		},
		{
			"part": "building4_2",
			"top": false
		},
		{
			"part": "building4_3",
			"top": false
		},
		{
			"part": "building4_4",
			"top": false
		},
		{
			"part": "top4_1",
			"top": true
		},
		{
			"part": "top4_2",
			"top": true
		},
		{
			"part": "top4_3",
			"top": true
		}
	],
	"rubble": "}"
}