{
	"allowDoors": true,
	"allowFillers": true,
	"filler": "#",
	"parts": [
		{
			"part": "building2_1",
			"top": false
		},
		{
			"part": "building2_2",
			"top": false
		},
		{
			"part": "building2_3",
			"top": false
		},
		{
			"part": "building2_4",
			"top": false
		},
		{
			"part": "top1x1_1",
			"top": true
		},
		{
			"part": "top1x1_2",
			"top": true
		},
		{
			"part": "top1x1_3",
			"top": true
		},
		{
			"part": "top1x1_4",
			"top": true
		},
		{
			"part": "top1x1_5",
			"top": true
		}
	],
	"rubble": "}"
}