{
	"allowDoors": true,
	"allowFillers": true,
	"filler": "#",
	"maxcellars": 0,
	"maxfloors": 6,
	"minfloors": 4,
	"parts": [
		{
			"floor": 0,
			"part": "shopping_open00_0"
		},
		{
			"floor": 1,
			"part": "shopping_open00_1"
		},
		{
			"floor": 2,
			"part": "shopping_open00_2"
		},
		{
			"part": "shopping00_r1",
			"range": "3,100",
			"top": false
		},
		{
			"part": "top_center_1",
			"top": true
		},
		{
			"part": "top_center_2",
			"top": true
		},
		{
			"part": "top_center_3",
			"top": true
		},
		{
			"part": "top_center_4",
			"top": true
		}
	],
	"preferslonely": 0.8999999761581421,
	"rubble": "}"
}