{
	"allowDoors": true,
	"allowFillers": true,
	"filler": "#",
	"maxcellars": 0,
	"maxfloors": 6,
	"minfloors": 4,
	"parts": [
		{
			"floor": 0,
			"part": "shopping10_0"
		},
		{
			"floor": 1,
			"part": "shopping10_1"
		},
		{
			"floor": 2,
			"part": "shopping10_2"
		},
		{
			"part": "shopping10_r1",
			"range": "3,100",
			"top": false
		},
		{
			"part": "top_center_1",
			"top": true
		},
		{
			"part": "top_center_2",
			"top": true
		},
		{
			"part": "top_center_3",
			"top": true
		},
		{
			"part": "top_center_4",
			"top": true
		}
	],
	"parts2": [
		{
			"floor": 0,
			"part": "shopping10_in_1"
		},
		{
			"floor": 0,
			"part": "shopping10_in_2"
		},
		{
			"floor": 0,
			"part": "shopping10_in_3"
		},
		{
			"part": "shopping10_in_1",
			"range": "2,100",
			"top": false
		},
		{
			"part": "shopping10_in_2",
			"range": "2,100",
			"top": false
		},
		{
			"part": "shopping10_in_3",
			"range": "2,100",
			"top": false
		}
	],
	"rubble": "}"
}