{
	"allowDoors": true,
	"allowFillers": true,
	"filler": "#",
	"maxcellars": 0,
	"maxfloors": 6,
	"minfloors": 4,
	"parts": [
		{
			"floor": 0,
			"part": "shopping_open11_0"
		},
		{
			"floor": 1,
			"part": "shopping_open11_1"
		},
		{
			"floor": 2,
			"part": "shopping_open11_2"
		},
		{
			"part": "shopping11_r1",
			"range": "3,100",
			"top": false
		},
		{
			"part": "shopping11_top",
			"top": true
		}
	],
	"parts2": [
		{
			"floor": 0,
			"part": "shopping11_in_1"
		},
		{
			"floor": 0,
			"part": "shopping11_in_2"
		},
		{
			"floor": 0,
			"part": "shopping11_in_3"
		},
		{
			"part": "shopping11_in_1",
			"range": "2,100",
			"top": false
		},
		{
			"part": "shopping11_in_2",
			"range": "2,100",
			"top": false
		},
		{
			"part": "shopping11_in_3",
			"range": "2,100",
			"top": false
		}
	],
	"rubble": "}"
}