{
	"allowDoors": true,
	"allowFillers": true,
	"filler": "#",
	"parts": [
		{
			"cellar": true,
			"part": "town00_c"
		},
		{
			"cellar": false,
			"ground": true,
			"part": "town00_0",
			"top": false
		},
		{
			"cellar": false,
			"ground": false,
			"part": "town00_1",
			"top": false
		},
		{
			"part": "top_center00_1",
			"top": true
		},
		{
			"part": "top_center00_2",
			"top": true
		}
	],
	"parts2": [
		{
			"part": "town00_in_1",
			"top": false
		},
		{
			"part": "town00_in_2",
			"top": false
		},
		{
			"part": "town00_in_3",
			"top": false
		}
	],
	"rubble": "}"
}