{
	"allowDoors": true,
	"allowFillers": true,
	"filler": "#",
	"parts": [
		{
			"cellar": true,
			"part": "town11_c"
		},
		{
			"cellar": false,
			"ground": true,
			"part": "town11_0",
			"top": false
		},
		{
			"cellar": false,
			"ground": false,
			"part": "town11_1",
			"top": false
		},
		{
			"part": "top_center_1",
			"top": true
		},
		{
			"part": "top_center_2",
			"top": true
		},
		{
			"part": "top_center_3",
			"top": true
		},
		{
			"part": "top_center_4",
			"top": true
		}
	],
	"parts2": [
		{
			"part": "town_in_1",
			"top": false
		},
		{
			"part": "town_in_2",
			"top": false
		},
		{
			"part": "town_in_3",
			"top": false
		},
		{
			"part": "town_in_4",
			"top": false
		},
		{
			"part": "town_in_5",
			"top": false
		},
		{
			"part": "town_in_6",
			"top": false
		}
	],
	"rubble": "}"
}