{
	"config": {
		"blocks": {
			"alternate_inner_layer_provider": {
				"state": {
					"Name": "minecraft:budding_amethyst"
				},
				"type": "minecraft:simple_state_provider"
			},
			"cannot_replace": "#minecraft:features_cannot_replace",
			"filling_provider": {
				"state": {
					"Name": "minecraft:air"
				},
				"type": "minecraft:simple_state_provider"
			},
			"inner_layer_provider": {
				"state": {
					"Name": "minecraft:amethyst_block"
				},
				"type": "minecraft:simple_state_provider"
			},
			"inner_placements": [
				{
					"Name": "minecraft:small_amethyst_bud",
					"Properties": {
						"facing": "up",
						"waterlogged": "false"
					}
				},
				{
					"Name": "minecraft:medium_amethyst_bud",
					"Properties": {
						"facing": "up",
						"waterlogged": "false"
					}
				},
				{
					"Name": "minecraft:large_amethyst_bud",
					"Properties": {
						"facing": "up",
						"waterlogged": "false"
					}
				},
				{
					"Name": "minecraft:amethyst_cluster",
					"Properties": {
						"facing": "up",
						"waterlogged": "false"
					}
				}
			],
			"invalid_blocks": "#minecraft:geode_invalid_blocks",
			"middle_layer_provider": {
				"state": {
					"Name": "minecraft:calcite"
				},
				"type": "minecraft:simple_state_provider"
			},
			"outer_layer_provider": {
				"state": {
					"Name": "minecraft:smooth_basalt"
				},
				"type": "minecraft:simple_state_provider"
			}
		},
		"crack": {
			"base_crack_size": 2.0,
			"crack_point_offset": 2,
			"generate_crack_chance": 0.95
		},
		"distribution_points": {
			"type": "minecraft:uniform",
			"value": {
				"max_inclusive": 4,
				"min_inclusive": 3
			}
		},
		"invalid_blocks_threshold": 1,
		"layers": {
			"filling": 1.7,
			"inner_layer": 2.2,
			"middle_layer": 3.2,
			"outer_layer": 4.2
		},
		"max_gen_offset": 16,
		"min_gen_offset": -16,
		"noise_multiplier": 0.05,
		"outer_wall_distance": {
			"type": "minecraft:uniform",
			"value": {
				"max_inclusive": 6,
				"min_inclusive": 4
			}
		},
		"placements_require_layer0_alternate": true,
		"point_offset": {
			"type": "minecraft:uniform",
			"value": {
				"max_inclusive": 2,
				"min_inclusive": 1
			}
		},
		"use_alternate_layer0_chance": 0.083,
		"use_potential_placements_chance": 0.35
	},
	"type": "minecraft:geode"
}