{
	"config": {
		"decorators": [],
		"dirt_provider": {
			"state": {
				"Name": "minecraft:rooted_dirt"
			},
			"type": "minecraft:simple_state_provider"
		},
		"foliage_placer": {
			"foliage_height": 2,
			"leaf_placement_attempts": 50,
			"offset": 0,
			"radius": 3,
			"type": "minecraft:random_spread_foliage_placer"
		},
		"foliage_provider": {
			"entries": [
				{
					"data": {
						"Name": "minecraft:azalea_leaves",
						"Properties": {
							"distance": "7",
							"persistent": "false",
							"waterlogged": "false"
						}
					},
					"weight": 3
				},
				{
					"data": {
						"Name": "minecraft:flowering_azalea_leaves",
						"Properties": {
							"distance": "7",
							"persistent": "false",
							"waterlogged": "false"
						}
					},
					"weight": 1
				}
			],
			"type": "minecraft:weighted_state_provider"
		},
		"force_dirt": true,
		"ignore_vines": false,
		"minimum_size": {
			"limit": 1,
			"lower_size": 0,
			"type": "minecraft:two_layers_feature_size",
			"upper_size": 1
		},
		"trunk_placer": {
			"base_height": 4,
			"bend_length": {
				"type": "minecraft:uniform",
				"value": {
					"max_inclusive": 2,
					"min_inclusive": 1
				}
			},
			"height_rand_a": 2,
			"height_rand_b": 0,
			"min_height_for_leaves": 3,
			"type": "minecraft:bending_trunk_placer"
		},
		"trunk_provider": {
			"state": {
				"Name": "minecraft:oak_log",
				"Properties": {
					"axis": "y"
				}
			},
			"type": "minecraft:simple_state_provider"
		}
	},
	"type": "minecraft:tree"
}