{
	"author": "TwinSouls",
	"credit": "Made with Blockbench",
	"textures": {
		"particle": "#upper",
		"upper": "minecraft:block/snow",
		"lower": "minecraft:block/snow_side"
	},
	"groups": [
		{
			"name": "upper",
			"origin": [8, 8, 8],
			"children": [0, 1]
		},
		{
			"name": "lower",
			"origin": [8, 8, 8],
			"children": [
				{
					"name": "outer",
					"origin": [8, 8, 8],
					"children": [
						2,
						{
							"name": "north",
							"origin": [8, 8, 8],
							"children": [3, 4, 5, 6]
						},
						{
							"name": "south",
							"origin": [8, 8, 8],
							"children": [7, 8, 9, 10]
						},
						{
							"name": "east",
							"origin": [8, 8, 8],
							"children": [11, 12, 13, 14]
						},
						{
							"name": "west",
							"origin": [8, 8, 8],
							"children": [15, 16, 17, 18]
						}
					]
				},
				{
					"name": "inner",
					"origin": [8, 8, 8],
					"children": [19]
				}
			]
		}
	],
	"elements": [
		{
			"name": "top",
			"from": [0, 0, 0],
			"to": [16, 14, 16],
			"faces": {
				"north": {"uv": [0, 2, 16, 16], "texture": "#upper", "cullface": "north"},
				"east": {"uv": [0, 2, 16, 16], "texture": "#upper", "cullface": "east"},
				"south": {"uv": [0, 2, 16, 16], "texture": "#upper", "cullface": "south"},
				"west": {"uv": [0, 2, 16, 16], "texture": "#upper", "cullface": "west"},
				"up": {"uv": [0, 0, 16, 16], "texture": "#upper"},
				"down": {"uv": [0, 0, 16, 16], "texture": "#upper", "cullface": "down"}
			}
		},
		{
			"name": "overlay",
			"from": [-0.1, 0, -0.1],
			"to": [16.1, 8.1, 16.1],
			"faces": {
				"north": {"uv": [0, 8, 16, 16], "texture": "#upper", "cullface": "north"},
				"east": {"uv": [0, 8, 16, 16], "texture": "#upper", "cullface": "east"},
				"south": {"uv": [0, 8, 16, 16], "texture": "#upper", "cullface": "south"},
				"west": {"uv": [0, 8, 16, 16], "texture": "#upper", "cullface": "west"}
			}
		},
		{
			"name": "upper",
			"from": [-0.1, -5, -0.1],
			"to": [16.1, 0, 16.1],
			"faces": {
				"north": {"uv": [0, 0, 16, 5], "texture": "#lower", "cullface": "north"},
				"east": {"uv": [0, 0, 16, 5], "texture": "#lower", "cullface": "east"},
				"south": {"uv": [0, 0, 16, 5], "texture": "#lower", "cullface": "south"},
				"west": {"uv": [0, 0, 16, 5], "texture": "#lower", "cullface": "west"}
			}
		},
		{
			"name": "n_upper",
			"from": [4.96, -6, -0.1],
			"to": [13.06, -5, -0.1],
			"rotation": {"angle": 0, "axis": "y", "origin": [8, 0, 8]},
			"faces": {
				"north": {"uv": [3, 5, 11, 6], "texture": "#lower", "cullface": "north"},
				"south": {"uv": [11, 5, 3, 6], "texture": "#lower", "cullface": "north"}
			}
		},
		{
			"name": "n_right",
			"from": [0.91, -6, -0.1],
			"to": [1.92, -5, -0.1],
			"rotation": {"angle": 0, "axis": "y", "origin": [8, 0, 8]},
			"faces": {
				"north": {"uv": [14, 5, 15, 6], "texture": "#lower", "cullface": "north"},
				"south": {"uv": [14, 5, 15, 6], "texture": "#lower", "cullface": "north"}
			}
		},
		{
			"name": "n_left",
			"from": [14.075, -6, -0.1],
			"to": [15.085, -5, -0.1],
			"rotation": {"angle": 0, "axis": "y", "origin": [8, 0, 8]},
			"faces": {
				"north": {"uv": [1, 5, 2, 6], "texture": "#lower", "cullface": "north"},
				"south": {"uv": [1, 5, 2, 6], "texture": "#lower", "cullface": "north"}
			}
		},
		{
			"name": "n_lower",
			"from": [11.048, -7, -0.1],
			"to": [12.058, -6, -0.1],
			"rotation": {"angle": 0, "axis": "y", "origin": [8, 0, 8]},
			"faces": {
				"north": {"uv": [4, 6, 5, 7], "texture": "#lower", "cullface": "north"},
				"south": {"uv": [4, 6, 5, 7], "texture": "#lower", "cullface": "north"}
			}
		},
		{
			"name": "s_upper",
			"from": [2.94, -6, 16.1],
			"to": [11.04, -5, 16.1],
			"rotation": {"angle": 0, "axis": "y", "origin": [8, 0, 8]},
			"faces": {
				"north": {"uv": [11, 5, 3, 6], "texture": "#lower", "cullface": "south"},
				"south": {"uv": [3, 5, 11, 6], "texture": "#lower", "cullface": "south"}
			}
		},
		{
			"name": "s_right",
			"from": [14.08, -6, 16.1],
			"to": [15.09, -5, 16.1],
			"rotation": {"angle": 0, "axis": "y", "origin": [8, 0, 8]},
			"faces": {
				"north": {"uv": [14, 5, 15, 6], "texture": "#lower", "cullface": "south"},
				"south": {"uv": [14, 5, 15, 6], "texture": "#lower", "cullface": "south"}
			}
		},
		{
			"name": "s_left",
			"from": [0.915, -6, 16.1],
			"to": [1.925, -5, 16.1],
			"rotation": {"angle": 0, "axis": "y", "origin": [8, 0, 8]},
			"faces": {
				"north": {"uv": [1, 5, 2, 6], "texture": "#lower", "cullface": "south"},
				"south": {"uv": [1, 5, 2, 6], "texture": "#lower", "cullface": "south"}
			}
		},
		{
			"name": "s_lower",
			"from": [3.942, -7, 16.1],
			"to": [4.952, -6, 16.1],
			"rotation": {"angle": 0, "axis": "y", "origin": [8, 0, 8]},
			"faces": {
				"north": {"uv": [4, 6, 5, 7], "texture": "#lower", "cullface": "south"},
				"south": {"uv": [4, 6, 5, 7], "texture": "#lower", "cullface": "south"}
			}
		},
		{
			"name": "e_upper",
			"from": [16.1, -6, 4.96],
			"to": [16.1, -5, 13.06],
			"rotation": {"angle": 0, "axis": "y", "origin": [8, 0, 8]},
			"faces": {
				"east": {"uv": [3, 5, 11, 6], "texture": "#lower", "cullface": "east"},
				"west": {"uv": [11, 5, 3, 6], "texture": "#lower", "cullface": "east"}
			}
		},
		{
			"name": "e_right",
			"from": [16.1, -6, 0.91],
			"to": [16.1, -5, 1.92],
			"rotation": {"angle": 0, "axis": "y", "origin": [8, 0, 8]},
			"faces": {
				"east": {"uv": [14, 5, 15, 6], "texture": "#lower", "cullface": "east"},
				"west": {"uv": [14, 5, 15, 6], "texture": "#lower", "cullface": "east"}
			}
		},
		{
			"name": "e_left",
			"from": [16.1, -6, 14.075],
			"to": [16.1, -5, 15.085],
			"rotation": {"angle": 0, "axis": "y", "origin": [8, 0, 8]},
			"faces": {
				"east": {"uv": [1, 5, 2, 6], "texture": "#lower", "cullface": "east"},
				"west": {"uv": [1, 5, 2, 6], "texture": "#lower", "cullface": "east"}
			}
		},
		{
			"name": "e_lower",
			"from": [16.1, -7, 11.048],
			"to": [16.1, -6, 12.058],
			"rotation": {"angle": 0, "axis": "y", "origin": [8, 0, 8]},
			"faces": {
				"east": {"uv": [4, 6, 5, 7], "texture": "#lower", "cullface": "east"},
				"west": {"uv": [4, 6, 5, 7], "texture": "#lower", "cullface": "east"}
			}
		},
		{
			"name": "w_upper",
			"from": [-0.1, -6, 2.94],
			"to": [-0.1, -5, 11.04],
			"rotation": {"angle": 0, "axis": "y", "origin": [8, 0, 8]},
			"faces": {
				"east": {"uv": [11, 5, 3, 6], "texture": "#lower", "cullface": "west"},
				"west": {"uv": [3, 5, 11, 6], "texture": "#lower", "cullface": "west"}
			}
		},
		{
			"name": "w_right",
			"from": [-0.1, -6, 14.08],
			"to": [-0.1, -5, 15.09],
			"rotation": {"angle": 0, "axis": "y", "origin": [8, 0, 8]},
			"faces": {
				"east": {"uv": [14, 5, 15, 6], "texture": "#lower", "cullface": "west"},
				"west": {"uv": [14, 5, 15, 6], "texture": "#lower", "cullface": "west"}
			}
		},
		{
			"name": "w_left",
			"from": [-0.1, -6, 0.915],
			"to": [-0.1, -5, 1.925],
			"rotation": {"angle": 0, "axis": "y", "origin": [8, 0, 8]},
			"faces": {
				"east": {"uv": [1, 5, 2, 6], "texture": "#lower", "cullface": "west"},
				"west": {"uv": [1, 5, 2, 6], "texture": "#lower", "cullface": "west"}
			}
		},
		{
			"name": "w_lower",
			"from": [-0.1, -7, 3.942],
			"to": [-0.1, -6, 4.952],
			"rotation": {"angle": 0, "axis": "y", "origin": [8, 0, 8]},
			"faces": {
				"east": {"uv": [4, 6, 5, 7], "texture": "#lower", "cullface": "west"},
				"west": {"uv": [4, 6, 5, 7], "texture": "#lower", "cullface": "west"}
			}
		},
		{
			"name": "upper",
			"from": [16.1, 0, 16.1],
			"to": [-0.1, -5, -0.1],
			"faces": {
				"north": {"uv": [0, 5, 16, 0], "texture": "#lower", "cullface": "south"},
				"east": {"uv": [0, 5, 16, 0], "texture": "#lower", "cullface": "west"},
				"south": {"uv": [0, 5, 16, 0], "texture": "#lower", "cullface": "north"},
				"west": {"uv": [0, 5, 16, 0], "texture": "#lower", "cullface": "east"}
			}
		}
	]
}