{
	"corridorblocks": {
		"glass": "+",
		"roof": "x"
	},
	"inherit": "citystyle_config",
	"parkblocks": {
		"elevation": "x"
	},
	"railblocks": {
		"railmain": "y"
	},
	"selectors": {
		"bridges": [
			{
				"factor": 1.0,
				"value": "bridge_open"
			},
			{
				"factor": 1.0,
				"value": "bridge_covered"
			}
		],
		"buildings": [
			{
				"factor": 0.30000001192092896,
				"value": "building1"
			},
			{
				"factor": 0.4000000059604645,
				"value": "building2"
			},
			{
				"factor": 0.20000000298023224,
				"value": "building3"
			},
			{
				"factor": 0.20000000298023224,
				"value": "building4"
			},
			{
				"factor": 0.30000001192092896,
				"value": "building5"
			},
			{
				"factor": 0.20000000298023224,
				"value": "building6"
			},
			{
				"factor": 0.20000000298023224,
				"value": "building7"
			},
			{
				"factor": 0.4000000059604645,
				"value": "building8"
			}
		],
		"fountains": [
			{
				"factor": 1.0,
				"value": "fountain1"
			},
			{
				"factor": 1.0,
				"value": "fountain2"
			},
			{
				"factor": 1.0,
				"value": "fountain3"
			}
		],
		"fronts": [
			{
				"factor": 1.0,
				"value": "building_front1"
			},
			{
				"factor": 1.0,
				"value": "building_front2"
			},
			{
				"factor": 1.0,
				"value": "building_front3"
			}
		],
		"multibuildings": [
			{
				"factor": 0.30000001192092896,
				"value": "multi1"
			},
			{
				"factor": 0.30000001192092896,
				"value": "multi2"
			},
			{
				"factor": 0.20000000298023224,
				"value": "multi3"
			},
			{
				"factor": 0.20000000298023224,
				"value": "multi4"
			},
			{
				"factor": 0.10000000149011612,
				"value": "multi5"
			},
			{
				"factor": 0.10000000149011612,
				"value": "library"
			},
			{
				"factor": 0.10000000149011612,
				"value": "center"
			},
			{
				"factor": 0.07999999821186066,
				"value": "townhall"
			},
			{
				"factor": 0.25,
				"value": "shopping"
			},
			{
				"factor": 0.20000000298023224,
				"value": "shopping_open"
			}
		],
		"parks": [
			{
				"factor": 1.0,
				"value": "park_pool"
			},
			{
				"factor": 1.0,
				"value": "park_plants"
			},
			{
				"factor": 1.0,
				"value": "park_trees"
			},
			{
				"factor": 1.0,
				"value": "park_plants_pillars"
			},
			{
				"factor": 0.800000011920929,
				"value": "park_fountain1"
			},
			{
				"factor": 0.800000011920929,
				"value": "park_fountain2"
			},
			{
				"factor": 0.30000001192092896,
				"value": "park_building"
			},
			{
				"factor": 0.30000001192092896,
				"value": "park_building2"
			}
		],
		"raildungeons": [
			{
				"factor": 1.0,
				"value": "rail_dungeon1"
			},
			{
				"factor": 1.0,
				"value": "rail_dungeon2"
			}
		],
		"stairs": [
			{
				"factor": 1.0,
				"value": "stairs1"
			},
			{
				"factor": 1.0,
				"value": "stairs2"
			},
			{
				"factor": 1.0,
				"value": "stairsnormal"
			},
			{
				"factor": 1.0,
				"value": "stairsbig"
			}
		]
	},
	"sphereblocks": {
		"border": "9",
		"glass": "Z",
		"inner": "b"
	},
	"streetblocks": {
		"border": "y",
		"street": "S",
		"streetbase": "b",
		"streetvariant": "B",
		"wall": "w"
	}
}