{
	"credit": "Made with Blockbench",
	"texture_size": [32, 32],
	"textures": {
		"1": "cgm:items/assault_rifle"
	},
	"elements": [
		{
			"from": [7.9, 4.7, 3.35],
			"to": [8.1, 5.3, 3.75],
			"rotation": {"angle": 0, "axis": "y", "origin": [0, 0, -0.6]},
			"faces": {
				"north": {"uv": [7.5, 15.5, 8, 16], "texture": "#1"},
				"east": {"uv": [7.5, 15.5, 8, 16], "texture": "#1"},
				"south": {"uv": [7.5, 15.5, 8, 16], "texture": "#1"},
				"west": {"uv": [7.5, 15.5, 8, 16], "texture": "#1"},
				"up": {"uv": [8, 16, 7.5, 15.5], "texture": "#1"}
			}
		},
		{
			"from": [7.2, 1, 10.2],
			"to": [8.8, 2.25, 13.7],
			"rotation": {"angle": 0, "axis": "y", "origin": [8, 7.95, 8]},
			"faces": {
				"north": {"uv": [0, 3.5, 2, 5], "texture": "#1", "tintindex": 0},
				"east": {"uv": [5.5, 3.5, 2, 5], "texture": "#1", "tintindex": 0},
				"south": {"uv": [5.5, 6, 7.5, 7.5], "texture": "#1", "tintindex": 0},
				"west": {"uv": [2, 3.5, 5.5, 5], "texture": "#1", "tintindex": 0},
				"down": {"uv": [2, 5.5, 5.5, 7.5], "rotation": 90, "texture": "#1", "tintindex": 0}
			}
		},
		{
			"from": [7.2, 2.25, 10.2],
			"to": [8.8, 4, 16.2],
			"faces": {
				"north": {"uv": [0, 1, 2, 3], "texture": "#1", "tintindex": 0},
				"east": {"uv": [8, 1.5, 2, 3.5], "texture": "#1", "tintindex": 0},
				"south": {"uv": [8, 1.5, 10, 3.5], "texture": "#1", "tintindex": 0},
				"west": {"uv": [2, 1.5, 8, 3.5], "texture": "#1", "tintindex": 0},
				"down": {"uv": [2, 3.5, 8, 5.5], "rotation": 270, "texture": "#1", "tintindex": 0}
			}
		},
		{
			"from": [7.2, 3.6, 10.2],
			"to": [7.766, 4, 16.199],
			"rotation": {"angle": 45, "axis": "z", "origin": [7.2, 4, 10.5]},
			"faces": {
				"north": {"uv": [1.5, 1, 2, 1.5], "texture": "#1"},
				"south": {"uv": [8, 1, 8.5, 1.5], "texture": "#1", "tintindex": 0},
				"up": {"uv": [0, 1, 6, 1.5], "rotation": 90, "texture": "#1", "tintindex": 0}
			}
		},
		{
			"from": [7.6, 4, 10.2],
			"to": [8.4, 4.4, 16.2],
			"faces": {
				"north": {"uv": [0.5, 1, 1.5, 1.5], "texture": "#1"},
				"south": {"uv": [8.5, 1, 9.5, 1.5], "texture": "#1", "tintindex": 0},
				"up": {"uv": [2, 0, 8, 1], "rotation": 90, "texture": "#1", "tintindex": 0}
			}
		},
		{
			"from": [8.234, 3.6, 10.2],
			"to": [8.8, 4, 16.199],
			"rotation": {"angle": -45, "axis": "z", "origin": [8.8, 4, 10.5]},
			"faces": {
				"north": {"uv": [0, 1, 0.5, 1.5], "texture": "#1"},
				"south": {"uv": [9.5, 1, 10, 1.5], "texture": "#1", "tintindex": 0},
				"up": {"uv": [6, 1, 0, 1.5], "rotation": 270, "texture": "#1", "tintindex": 0}
			}
		},
		{
			"from": [7.4, -1.1, 13.7],
			"to": [8.6, 2.6, 15],
			"rotation": {"angle": -22.5, "axis": "x", "origin": [8, 4.5, 15]},
			"faces": {
				"north": {"uv": [13, 0, 14, 3.5], "texture": "#1"},
				"east": {"uv": [12, 0, 13, 3.5], "texture": "#1"},
				"south": {"uv": [11, 0, 12, 3.5], "texture": "#1"},
				"west": {"uv": [10, 0, 11, 3.5], "texture": "#1"},
				"down": {"uv": [11, 3.5, 10, 4.5], "texture": "#1"}
			}
		},
		{
			"from": [7.6, 1.05032, 13.46977],
			"to": [8.45, 1.45032, 15.16977],
			"rotation": {"angle": 0, "axis": "y", "origin": [7.5, 7.95032, 7.96977]},
			"faces": {
				"east": {"uv": [9, 0, 10, 0.5], "texture": "#1"},
				"west": {"uv": [9, 0, 10, 0.5], "texture": "#1"},
				"up": {"uv": [9, 0, 10, 0.5], "rotation": 90, "texture": "#1"},
				"down": {"uv": [9, 0, 10, 0.5], "rotation": 90, "texture": "#1"}
			}
		},
		{
			"from": [7.8, 1.575, 14.325],
			"to": [8.2, 2.3, 14.85],
			"faces": {
				"north": {"uv": [8.5, 0, 9, 0.5], "texture": "#1"},
				"east": {"uv": [8.5, 0, 9, 0.5], "texture": "#1"},
				"west": {"uv": [8.5, 0, 9, 0.5], "texture": "#1"},
				"down": {"uv": [9, 0, 8.5, 0.5], "texture": "#1"}
			}
		},
		{
			"from": [7.2, 3.2, 2.999],
			"to": [8.8, 4, 10.2],
			"rotation": {"angle": 0, "axis": "y", "origin": [8, 8.2, 6.7]},
			"faces": {
				"north": {"uv": [0, 11.5, 2, 12.5], "texture": "#1", "tintindex": 0},
				"east": {"uv": [7.5, 14, 0, 15], "texture": "#1", "tintindex": 0},
				"west": {"uv": [0, 14, 7.5, 15], "texture": "#1", "tintindex": 0}
			}
		},
		{
			"from": [7.2, 3.6, 3],
			"to": [7.766, 4, 10.2],
			"rotation": {"angle": 45, "axis": "z", "origin": [7.2, 4, 10.5]},
			"faces": {
				"north": {"uv": [1.5, 11, 2, 11.5], "texture": "#1", "tintindex": 0},
				"up": {"uv": [0, 13.5, 7.5, 14], "rotation": 90, "texture": "#1", "tintindex": 0}
			}
		},
		{
			"from": [7.6, 2.8, 2.999],
			"to": [8.4, 4.4, 10.199],
			"rotation": {"angle": 0, "axis": "y", "origin": [8, 8, 6.7]},
			"faces": {
				"north": {"uv": [0.5, 11, 1.5, 13], "texture": "#1", "tintindex": 0},
				"up": {"uv": [0, 13, 7.5, 13.5], "rotation": 90, "texture": "#1", "tintindex": 0},
				"down": {"uv": [0, 15.5, 7.5, 16], "rotation": 270, "texture": "#1", "tintindex": 0}
			}
		},
		{
			"from": [8.234, 3.6, 3],
			"to": [8.8, 4, 10.2],
			"rotation": {"angle": -45, "axis": "z", "origin": [8.8, 4, 10.5]},
			"faces": {
				"north": {"uv": [0, 11, 0.5, 11.5], "texture": "#1", "tintindex": 0},
				"up": {"uv": [0, 13.5, 7.5, 14], "rotation": 90, "texture": "#1", "tintindex": 0}
			}
		},
		{
			"from": [8.39978, 2.79978, 3],
			"to": [8.96578, 3.19978, 10.2],
			"rotation": {"angle": 45, "axis": "z", "origin": [8.39978, 2.79978, 10.5]},
			"faces": {
				"north": {"uv": [0, 12.5, 0.5, 13], "texture": "#1", "tintindex": 0},
				"down": {"uv": [7.5, 15, 0, 15.5], "rotation": 90, "texture": "#1", "tintindex": 0}
			}
		},
		{
			"from": [7.60022, 2.79978, 3],
			"to": [8.00022, 3.36578, 10.2],
			"rotation": {"angle": 45, "axis": "z", "origin": [7.60022, 2.79978, 10.5]},
			"faces": {
				"north": {"uv": [1.5, 12.5, 2, 13], "texture": "#1", "tintindex": 0},
				"west": {"uv": [0, 15, 7.5, 15.5], "texture": "#1", "tintindex": 0}
			}
		},
		{
			"from": [7.5, 3.3, 1.6],
			"to": [7.75, 3.9, 10.8],
			"faces": {
				"north": {"uv": [7.5, 13, 8, 13.5], "texture": "#1"},
				"east": {"uv": [7.5, 13, 8, 13.5], "texture": "#1"},
				"west": {"uv": [7.5, 14.5, 16, 15], "texture": "#1"}
			}
		},
		{
			"from": [7.42929, 3.87071, 1.601],
			"to": [7.62929, 4.15271, 10.801],
			"rotation": {"angle": -45, "axis": "z", "origin": [7.5, 3.8, 1]},
			"faces": {
				"north": {"uv": [7.5, 13, 8, 13.5], "texture": "#1"},
				"west": {"uv": [7.5, 14, 16, 14.5], "texture": "#1"}
			}
		},
		{
			"from": [7.7, 3.85, 1.6],
			"to": [8.3, 4.1, 10.8],
			"faces": {
				"north": {"uv": [7.5, 13, 8, 13.5], "texture": "#1"},
				"up": {"uv": [7.5, 13.5, 16, 14], "rotation": 90, "texture": "#1"},
				"down": {"uv": [8, 13, 7.5, 13.5], "texture": "#1"}
			}
		},
		{
			"from": [8.37071, 3.87071, 1.601],
			"to": [8.57071, 4.15271, 10.801],
			"rotation": {"angle": 45, "axis": "z", "origin": [8.5, 3.8, 1]},
			"faces": {
				"north": {"uv": [7.5, 13, 8, 13.5], "texture": "#1"},
				"east": {"uv": [7.5, 14, 16, 14.5], "rotation": 180, "texture": "#1"}
			}
		},
		{
			"from": [8.25, 3.3, 1.6],
			"to": [8.5, 3.9, 10.8],
			"faces": {
				"north": {"uv": [7.5, 13, 8, 13.5], "texture": "#1"},
				"east": {"uv": [7.5, 14.5, 16, 15], "rotation": 180, "texture": "#1"},
				"west": {"uv": [7.5, 13, 8, 13.5], "texture": "#1"}
			}
		},
		{
			"from": [8.22929, 2.98871, 1.601],
			"to": [8.42929, 3.27071, 10.801],
			"rotation": {"angle": -45, "axis": "z", "origin": [8.5, 3.2, 1]},
			"faces": {
				"north": {"uv": [7.5, 13, 8, 13.5], "texture": "#1"},
				"east": {"uv": [7.5, 15, 16, 15.5], "rotation": 180, "texture": "#1"}
			}
		},
		{
			"from": [7.7, 3.1, 1.6],
			"to": [8.3, 3.35, 10.8],
			"faces": {
				"north": {"uv": [7.5, 13, 8, 13.5], "texture": "#1"},
				"up": {"uv": [8, 13.5, 7.5, 13], "texture": "#1"},
				"down": {"uv": [7.5, 15.5, 16, 16], "rotation": 270, "texture": "#1"}
			}
		},
		{
			"from": [7.57071, 2.98871, 1.601],
			"to": [7.77071, 3.27071, 10.801],
			"rotation": {"angle": 45, "axis": "z", "origin": [7.5, 3.2, 1]},
			"faces": {
				"north": {"uv": [7.5, 13, 8, 13.5], "texture": "#1"},
				"west": {"uv": [7.5, 15, 16, 15.5], "texture": "#1"}
			}
		},
		{
			"from": [7.6, 4.4, 3.3],
			"to": [8.4, 4.7, 15.9],
			"rotation": {"angle": 0, "axis": "y", "origin": [8.4, 7.4, 6]},
			"faces": {
				"east": {"uv": [15.5, 0, 16, 13.5], "rotation": 270, "texture": "#1", "tintindex": 0},
				"west": {"uv": [14.5, 0, 15, 13.5], "rotation": 90, "texture": "#1", "tintindex": 0},
				"up": {"uv": [15, 0, 15.5, 12.5], "texture": "#1", "tintindex": 0}
			}
		},
		{
			"from": [7.6, 2.5, 3.3],
			"to": [8.4, 2.8, 10.2],
			"rotation": {"angle": 0, "axis": "y", "origin": [8.4, 7.4, 6]},
			"faces": {
				"east": {"uv": [15.5, 0, 16, 0.5], "rotation": 270, "texture": "#1", "tintindex": 0},
				"west": {"uv": [14.5, 0, 15, 0.5], "rotation": 90, "texture": "#1", "tintindex": 0},
				"down": {"uv": [14.5, 0, 15, 0.5], "texture": "#1", "tintindex": 0}
			}
		},
		{
			"from": [7.601, 4.1, 3],
			"to": [8.399, 4.4, 3.4242],
			"rotation": {"angle": -45, "axis": "x", "origin": [8, 4.4, 3]},
			"faces": {
				"east": {"uv": [15.5, 0, 16, 0.5], "rotation": 270, "texture": "#1", "tintindex": 0},
				"west": {"uv": [14.5, 0, 15, 0.5], "rotation": 90, "texture": "#1", "tintindex": 0},
				"up": {"uv": [14.5, 0, 15, 0.5], "texture": "#1", "tintindex": 0}
			}
		},
		{
			"from": [7.601, 5.43604, 9.36396],
			"to": [8.399, 5.73604, 9.78816],
			"rotation": {"angle": 45, "axis": "x", "origin": [8, 11.8, 3]},
			"faces": {
				"east": {"uv": [16, 0, 15.5, 0.5], "rotation": 270, "texture": "#1", "tintindex": 0},
				"west": {"uv": [15, 0, 14.5, 0.5], "rotation": 90, "texture": "#1", "tintindex": 0},
				"down": {"uv": [14.5, 0.5, 15, 0], "texture": "#1", "tintindex": 0}
			}
		},
		{
			"from": [7.601, 6.50416, 14.77996],
			"to": [8.399, 6.80416, 15.20416],
			"rotation": {"angle": 45, "axis": "x", "origin": [8, 4.4, 12.8]},
			"faces": {
				"east": {"uv": [15.5, 0.5, 16, 0], "rotation": 270, "texture": "#1", "tintindex": 0},
				"west": {"uv": [14.5, 0.5, 15, 0], "rotation": 90, "texture": "#1", "tintindex": 0},
				"up": {"uv": [14.5, 0.5, 15, 0], "texture": "#1", "tintindex": 0}
			}
		},
		{
			"from": [7.5, 0.5, 10.7],
			"to": [8.5, 1, 13.2],
			"rotation": {"angle": 0, "axis": "y", "origin": [0, 0.5, 0]},
			"faces": {
				"north": {"uv": [0, 7.5, 1, 8], "texture": "#1"},
				"east": {"uv": [3.5, 7.5, 1, 9], "texture": "#1"},
				"south": {"uv": [3.5, 7.5, 4.5, 8], "texture": "#1"},
				"west": {"uv": [1, 7.5, 3.5, 8], "texture": "#1"},
				"down": {"uv": [1, 10, 3.5, 11], "rotation": 90, "texture": "#1"}
			}
		},
		{
			"from": [7.499, 0.3, 11.2],
			"to": [8.501, 0.9, 11.7],
			"rotation": {"angle": 0, "axis": "y", "origin": [7.5, 0, 13.2]},
			"faces": {
				"east": {"uv": [2, 8, 1.5, 8.5], "texture": "#1"},
				"west": {"uv": [1.5, 8, 2, 8.5], "texture": "#1"}
			}
		},
		{
			"from": [7.499, 0.3, 11.7],
			"to": [8.501, 0.9, 12.2],
			"rotation": {"angle": 0, "axis": "y", "origin": [7.5, 0, 13.2]},
			"faces": {
				"east": {"uv": [2.5, 8, 2, 8.5], "texture": "#1"},
				"west": {"uv": [2, 8, 2.5, 8.5], "texture": "#1"}
			}
		},
		{
			"from": [7.499, 0.2, 12.2],
			"to": [8.501, 0.9, 12.7],
			"rotation": {"angle": 0, "axis": "y", "origin": [7.5, 0, 13.2]},
			"faces": {
				"east": {"uv": [3, 8, 2.5, 8.5], "texture": "#1"},
				"west": {"uv": [2.5, 8, 3, 8.5], "texture": "#1"}
			}
		},
		{
			"from": [7.499, 0, 12.7],
			"to": [8.501, 0.9, 13.2],
			"rotation": {"angle": 0, "axis": "y", "origin": [7.5, 0, 13.2]},
			"faces": {
				"east": {"uv": [3.5, 7.5, 3, 8], "texture": "#1"},
				"south": {"uv": [3.5, 7.5, 4.5, 8], "texture": "#1"},
				"west": {"uv": [3, 7.5, 3.5, 8], "texture": "#1"}
			}
		},
		{
			"from": [7.5, -0.92, 10.7],
			"to": [8.5, 0, 13.2],
			"rotation": {"angle": 22.5, "axis": "x", "origin": [7.5, 0, 13.2]},
			"faces": {
				"north": {"uv": [0, 7.5, 1, 8.5], "texture": "#1"},
				"east": {"uv": [3.5, 7.5, 1, 8.5], "texture": "#1"},
				"south": {"uv": [3.5, 7.5, 4.5, 8.5], "texture": "#1"},
				"west": {"uv": [1, 7.5, 3.5, 8.5], "texture": "#1"},
				"down": {"uv": [1, 10, 3.5, 11], "rotation": 90, "texture": "#1"}
			}
		},
		{
			"from": [7.5, -2.76, 10.7],
			"to": [8.5, -0.92, 13.2],
			"rotation": {"angle": 22.5, "axis": "x", "origin": [7.5, 0, 13.2]},
			"faces": {
				"north": {"uv": [0, 8, 1, 10], "texture": "#1"},
				"east": {"uv": [3.5, 8, 1, 10], "texture": "#1"},
				"south": {"uv": [3.5, 8, 4.5, 10], "texture": "#1"},
				"west": {"uv": [1, 8, 3.5, 10], "texture": "#1"},
				"down": {"uv": [1, 10, 3.5, 11], "rotation": 90, "texture": "#1"}
			}
		}
	],
	"groups": [
		0,
		1,
		2,
		3,
		4,
		5,
		6,
		7,
		8,
		9,
		10,
		11,
		12,
		13,
		14,
		15,
		16,
		17,
		18,
		19,
		20,
		21,
		22,
		23,
		24,
		25,
		26,
		27,
		{
			"name": "group",
			"origin": [7.5, -0.8, 13.2],
			"color": 0,
			"children": [28, 29, 30, 31, 32, 33, 34]
		}
	]
}