{
	"credit": "Made with Blockbench",
	"texture_size": [32, 32],
	"textures": {
		"1": "cgm:items/machine_pistol",
		"particle": "cgm:items/machine_pistol"
	},
	"elements": [
		{
			"from": [7.9, 4.15, 10.85],
			"to": [8.1, 4.65, 11.25],
			"faces": {
				"north": {"uv": [4, 7.5, 4.5, 8], "texture": "#1"},
				"east": {"uv": [4, 7.5, 4.5, 8], "texture": "#1"},
				"south": {"uv": [4, 7.5, 4.5, 8], "texture": "#1"},
				"west": {"uv": [4, 7.5, 4.5, 8], "texture": "#1"},
				"up": {"uv": [4.5, 8, 4, 7.5], "texture": "#1"}
			}
		},
		{
			"from": [7.2, 2.25, 11.2],
			"to": [8.8, 3.6, 16.2],
			"faces": {
				"north": {"uv": [0, 1, 2, 3], "texture": "#1", "tintindex": 0},
				"east": {"uv": [7, 2, 2, 3.5], "texture": "#1", "tintindex": 0},
				"south": {"uv": [7, 1.5, 9, 3], "texture": "#1", "tintindex": 0},
				"west": {"uv": [2, 2, 7, 3.5], "texture": "#1", "tintindex": 0},
				"down": {"uv": [1, 3.5, 7, 5.5], "rotation": 270, "texture": "#1", "tintindex": 0}
			}
		},
		{
			"from": [6.91716, 3.31716, 11.2],
			"to": [7.48316, 3.71716, 16.199],
			"rotation": {"angle": 45, "axis": "z", "origin": [7.2, 4, 10.5]},
			"faces": {
				"south": {"uv": [7, 1, 7.5, 1.5], "texture": "#1", "tintindex": 0},
				"up": {"uv": [2, 1, 7, 1.5], "rotation": 90, "texture": "#1", "tintindex": 0}
			}
		},
		{
			"from": [7.6, 3.6, 11.2],
			"to": [8.4, 4, 16.2],
			"faces": {
				"south": {"uv": [7.5, 1, 8.5, 1.5], "texture": "#1", "tintindex": 0}
			}
		},
		{
			"from": [8.51684, 3.31716, 11.2],
			"to": [9.08284, 3.71716, 16.199],
			"rotation": {"angle": -45, "axis": "z", "origin": [8.8, 4, 10.5]},
			"faces": {
				"south": {"uv": [8.5, 1, 9, 1.5], "texture": "#1", "tintindex": 0},
				"up": {"uv": [8, 1, 3, 1.5], "rotation": 270, "texture": "#1", "tintindex": 0}
			}
		},
		{
			"from": [7.4, -0.6, 13.7],
			"to": [8.6, 3.1, 15],
			"rotation": {"angle": -22.5, "axis": "x", "origin": [8, 4.5, 15]},
			"faces": {
				"north": {"uv": [13, 0, 14, 3.5], "texture": "#1"},
				"east": {"uv": [12, 0, 13, 3.5], "texture": "#1"},
				"south": {"uv": [11, 0, 12, 3.5], "texture": "#1"},
				"west": {"uv": [10, 0, 11, 3.5], "texture": "#1"},
				"down": {"uv": [11, 3.5, 10, 4.5], "texture": "#1"}
			}
		},
		{
			"from": [7.8, 1.575, 14.325],
			"to": [8.2, 2.3, 14.85],
			"faces": {
				"north": {"uv": [8.5, 0, 9, 0.5], "texture": "#1"},
				"east": {"uv": [8.5, 0, 9, 0.5], "texture": "#1"},
				"west": {"uv": [8.5, 0, 9, 0.5], "texture": "#1"},
				"down": {"uv": [9, 0, 8.5, 0.5], "texture": "#1"}
			}
		},
		{
			"from": [7.5, -0.5, 12.445],
			"to": [8.5, 1.3, 13.4],
			"faces": {
				"north": {"uv": [0, 7.5, 1, 10], "texture": "#1"},
				"east": {"uv": [1, 7.5, 2, 10], "texture": "#1"},
				"south": {"uv": [3, 7.5, 4, 10], "texture": "#1"},
				"west": {"uv": [2, 7.5, 1, 10], "texture": "#1"},
				"down": {"uv": [1, 10, 3, 11], "rotation": 90, "texture": "#1"}
			}
		},
		{
			"from": [7.5, -0.5, 11.97],
			"to": [8.5, 1.3, 12.446],
			"faces": {
				"north": {"uv": [0, 7.5, 1, 10], "texture": "#1"},
				"east": {"uv": [2.5, 7.5, 3, 10], "texture": "#1"},
				"south": {"uv": [3, 7.5, 4, 10], "texture": "#1"},
				"west": {"uv": [3, 7.5, 2.5, 10], "texture": "#1"},
				"down": {"uv": [1, 10, 3, 11], "rotation": 90, "texture": "#1"}
			}
		},
		{
			"from": [7.2, 2.8, 10.7],
			"to": [8.8, 3.6, 11.2],
			"rotation": {"angle": 0, "axis": "y", "origin": [8, 8.2, 6.7]},
			"faces": {
				"north": {"uv": [0, 6, 2, 7], "texture": "#1", "tintindex": 0},
				"east": {"uv": [5.5, 8.5, 5, 9.5], "texture": "#1", "tintindex": 0},
				"west": {"uv": [5, 8.5, 5.5, 9.5], "texture": "#1", "tintindex": 0}
			}
		},
		{
			"from": [6.91716, 3.31716, 10.701],
			"to": [7.48316, 3.71716, 11.2],
			"rotation": {"angle": 45, "axis": "z", "origin": [7.2, 4, 10.5]},
			"faces": {
				"north": {"uv": [1.5, 5.5, 2, 6], "texture": "#1", "tintindex": 0},
				"up": {"uv": [5, 8, 5.5, 8.5], "rotation": 90, "texture": "#1", "tintindex": 0}
			}
		},
		{
			"from": [7.6, 2.4, 10.699],
			"to": [8.4, 4, 11.199],
			"rotation": {"angle": 0, "axis": "y", "origin": [8, 8, 6.7]},
			"faces": {
				"north": {"uv": [0.5, 5.5, 1.5, 7.5], "texture": "#1", "tintindex": 0}
			}
		},
		{
			"from": [8.51684, 3.31716, 10.701],
			"to": [9.08284, 3.71716, 11.2],
			"rotation": {"angle": -45, "axis": "z", "origin": [8.8, 4, 10.5]},
			"faces": {
				"north": {"uv": [0, 5.5, 0.5, 6], "texture": "#1", "tintindex": 0},
				"up": {"uv": [5, 8, 5.5, 8.5], "rotation": 90, "texture": "#1", "tintindex": 0}
			}
		},
		{
			"from": [8.11694, 2.51694, 10.701],
			"to": [8.68294, 2.91694, 11.2],
			"rotation": {"angle": 45, "axis": "z", "origin": [8.39978, 2.79978, 10.5]},
			"faces": {
				"north": {"uv": [0, 7, 0.5, 7.5], "texture": "#1", "tintindex": 0},
				"down": {"uv": [5.5, 9.5, 5, 10], "rotation": 90, "texture": "#1", "tintindex": 0}
			}
		},
		{
			"from": [7.31738, 2.51694, 10.701],
			"to": [7.71738, 3.08294, 11.2],
			"rotation": {"angle": 45, "axis": "z", "origin": [7.60022, 2.79978, 10.5]},
			"faces": {
				"north": {"uv": [1.5, 7, 2, 7.5], "texture": "#1", "tintindex": 0},
				"west": {"uv": [5, 9.5, 5.5, 10], "texture": "#1", "tintindex": 0}
			}
		},
		{
			"from": [7.6, 4, 11],
			"to": [8.4, 4.3, 15.9],
			"rotation": {"angle": 0, "axis": "y", "origin": [8.4, 7.4, 6]},
			"faces": {
				"east": {"uv": [15.5, 0, 16, 6.5], "rotation": 270, "texture": "#1", "tintindex": 0},
				"west": {"uv": [14.5, 0, 15, 6.5], "rotation": 90, "texture": "#1", "tintindex": 0},
				"up": {"uv": [15, 0, 15.5, 6.5], "texture": "#1", "tintindex": 0}
			}
		},
		{
			"from": [7.6, 2.1, 11],
			"to": [8.4, 2.4, 11.2],
			"rotation": {"angle": 0, "axis": "y", "origin": [8.4, 8.6, 6]},
			"faces": {
				"east": {"uv": [16, 0, 15.5, 0.5], "rotation": 270, "texture": "#1", "tintindex": 0},
				"west": {"uv": [15, 0, 14.5, 0.5], "rotation": 90, "texture": "#1", "tintindex": 0},
				"down": {"uv": [15, 0.5, 15.5, 0], "texture": "#1", "tintindex": 0}
			}
		},
		{
			"from": [7.601, -1.62756, 8.16188],
			"to": [8.399, -1.32756, 8.58608],
			"rotation": {"angle": -45, "axis": "x", "origin": [8, 4.4, 3]},
			"faces": {
				"east": {"uv": [15.5, 0, 16, 0.5], "rotation": 270, "texture": "#1", "tintindex": 0},
				"west": {"uv": [14.5, 0, 15, 0.5], "rotation": 90, "texture": "#1", "tintindex": 0},
				"up": {"uv": [14.5, 0, 15, 0.5], "texture": "#1", "tintindex": 0}
			}
		},
		{
			"from": [7.601, 10.59792, 15.09152],
			"to": [8.399, 10.89792, 15.51572],
			"rotation": {"angle": 45, "axis": "x", "origin": [8, 11.8, 3]},
			"faces": {
				"east": {"uv": [16, 0, 15.5, 0.5], "rotation": 270, "texture": "#1", "tintindex": 0},
				"west": {"uv": [15, 0, 14.5, 0.5], "rotation": 90, "texture": "#1", "tintindex": 0},
				"down": {"uv": [14.5, 0.5, 15, 0], "texture": "#1", "tintindex": 0}
			}
		},
		{
			"from": [7.601, 6.22132, 15.0628],
			"to": [8.399, 6.52132, 15.487],
			"rotation": {"angle": 45, "axis": "x", "origin": [8, 4.4, 12.8]},
			"faces": {
				"east": {"uv": [15.5, 0.5, 16, 0], "rotation": 270, "texture": "#1", "tintindex": 0},
				"west": {"uv": [14.5, 0.5, 15, 0], "rotation": 90, "texture": "#1", "tintindex": 0},
				"up": {"uv": [14.5, 0.5, 15, 0], "texture": "#1", "tintindex": 0}
			}
		},
		{
			"from": [7.5, 2.9, 9.8],
			"to": [7.75, 3.5, 10.7],
			"faces": {
				"north": {"uv": [4, 9, 4.5, 9.5], "texture": "#1"},
				"east": {"uv": [4, 9, 4.5, 9.5], "texture": "#1"},
				"west": {"uv": [4, 9, 5, 9.5], "texture": "#1"}
			}
		},
		{
			"from": [7.71213, 3.58787, 9.801],
			"to": [7.91213, 3.86987, 10.701],
			"rotation": {"angle": -45, "axis": "z", "origin": [7.5, 3.8, 1]},
			"faces": {
				"north": {"uv": [4, 9, 4.5, 9.5], "texture": "#1"},
				"west": {"uv": [4, 8.5, 5, 9], "texture": "#1"}
			}
		},
		{
			"from": [7.7, 3.45, 9.8],
			"to": [8.3, 3.7, 10.7],
			"faces": {
				"north": {"uv": [4, 9, 4.5, 9.5], "texture": "#1"},
				"up": {"uv": [4, 8, 5, 8.5], "rotation": 90, "texture": "#1"},
				"down": {"uv": [4.5, 9, 4, 9.5], "texture": "#1"}
			}
		},
		{
			"from": [8.25, 2.9, 9.8],
			"to": [8.5, 3.5, 10.7],
			"faces": {
				"north": {"uv": [4, 9, 4.5, 9.5], "texture": "#1"},
				"east": {"uv": [4, 9, 5, 9.5], "rotation": 180, "texture": "#1"},
				"west": {"uv": [4, 9, 4.5, 9.5], "texture": "#1"}
			}
		},
		{
			"from": [7.7, 2.7, 9.8],
			"to": [8.3, 2.95, 10.7],
			"faces": {
				"north": {"uv": [4, 9, 4.5, 9.5], "texture": "#1"},
				"up": {"uv": [4.5, 9.5, 4, 9], "texture": "#1"},
				"down": {"uv": [4, 10, 5, 10.5], "rotation": 270, "texture": "#1"}
			}
		},
		{
			"from": [8.51213, 2.70587, 9.801],
			"to": [8.71213, 2.98787, 10.701],
			"rotation": {"angle": -45, "axis": "z", "origin": [8.5, 3.2, 1]},
			"faces": {
				"north": {"uv": [4, 9, 4.5, 9.5], "texture": "#1"},
				"east": {"uv": [4, 9.5, 5, 10], "rotation": 180, "texture": "#1"}
			}
		},
		{
			"from": [7.28787, 2.70587, 9.801],
			"to": [7.48787, 2.98787, 10.701],
			"rotation": {"angle": 45, "axis": "z", "origin": [7.5, 3.2, 1]},
			"faces": {
				"north": {"uv": [4, 9, 4.5, 9.5], "texture": "#1"},
				"west": {"uv": [4, 9.5, 5, 10], "texture": "#1"}
			}
		},
		{
			"from": [8.08787, 3.58787, 9.801],
			"to": [8.28787, 3.86987, 10.701],
			"rotation": {"angle": 45, "axis": "z", "origin": [8.5, 3.8, 1]},
			"faces": {
				"north": {"uv": [4, 9, 4.5, 9.5], "texture": "#1"},
				"east": {"uv": [4, 8.5, 5, 9], "rotation": 180, "texture": "#1"}
			}
		},
		{
			"from": [7.2, 1.3, 11.7],
			"to": [8.8, 2.25, 13.7],
			"rotation": {"angle": 0, "axis": "y", "origin": [8, 7.95, 8]},
			"faces": {
				"north": {"uv": [0, 3.5, 2, 4.5], "texture": "#1", "tintindex": 0},
				"east": {"uv": [4.5, 3.5, 2.5, 4.5], "texture": "#1", "tintindex": 0},
				"south": {"uv": [5.5, 5.5, 7.5, 6.5], "texture": "#1", "tintindex": 0},
				"west": {"uv": [2.5, 3.5, 4.5, 4.5], "texture": "#1", "tintindex": 0},
				"down": {"uv": [2, 5.5, 5.5, 7.5], "rotation": 90, "texture": "#1", "tintindex": 0}
			}
		},
		{
			"from": [7.6, 1.05032, 13.69977],
			"to": [8.45, 1.47032, 14.04977],
			"rotation": {"angle": -45, "axis": "x", "origin": [7.6, 1.05032, 13.69977]},
			"faces": {
				"north": {"uv": [9, 0, 10, 0.5], "rotation": 270, "texture": "#1"},
				"east": {"uv": [9, 0, 10, 0.5], "rotation": 270, "texture": "#1"},
				"south": {"uv": [9, 0, 10, 0.5], "rotation": 270, "texture": "#1"},
				"west": {"uv": [9, 0, 10, 0.5], "rotation": 90, "texture": "#1"}
			}
		},
		{
			"from": [7.6, 1.05032, 13.69977],
			"to": [8.45, 1.45032, 15.16977],
			"rotation": {"angle": 0, "axis": "y", "origin": [7.5, 7.95032, 7.96977]},
			"faces": {
				"east": {"uv": [9, 0, 10, 0.5], "texture": "#1"},
				"west": {"uv": [9, 0, 10, 0.5], "texture": "#1"},
				"up": {"uv": [9, 0, 10, 0.5], "rotation": 90, "texture": "#1"},
				"down": {"uv": [9, 0, 10, 0.5], "rotation": 90, "texture": "#1"}
			}
		},
		{
			"from": [7.31738, 1.96694, 11.201],
			"to": [7.71738, 2.53294, 11.7],
			"rotation": {"angle": 45, "axis": "z", "origin": [7.60022, 2.24978, 11]},
			"faces": {
				"north": {"uv": [8.5, 2, 9, 2.5], "texture": "#1", "tintindex": 0},
				"west": {"uv": [4, 3, 4.5, 3.5], "texture": "#1", "tintindex": 0}
			}
		},
		{
			"from": [7.6, 1.85, 11.199],
			"to": [8.4, 2.4, 11.699],
			"rotation": {"angle": 0, "axis": "y", "origin": [8, 7.45, 7.2]},
			"faces": {
				"north": {"uv": [7.5, 2, 8.5, 2.5], "texture": "#1", "tintindex": 0},
				"south": {"uv": [0, 8.5, 1, 9.5], "texture": "#1", "tintindex": 0},
				"up": {"uv": [5, 7.5, 5.5, 8], "texture": "#1", "tintindex": 0},
				"down": {"uv": [6.5, 2.5, 7, 3], "texture": "#1", "tintindex": 0}
			}
		},
		{
			"from": [8.11694, 1.96694, 11.201],
			"to": [8.68294, 2.36694, 11.7],
			"rotation": {"angle": 45, "axis": "z", "origin": [8.39978, 2.24978, 11]},
			"faces": {
				"north": {"uv": [7, 2, 7.5, 2.5], "texture": "#1", "tintindex": 0},
				"down": {"uv": [5, 2.5, 4.5, 3], "rotation": 90, "texture": "#1", "tintindex": 0}
			}
		}
	],
	"groups": [
		{
			"name": "machinepistol",
			"origin": [8.5, 3.8, -6.5],
			"color": 0,
			"children": [
				0,
				1,
				2,
				3,
				4,
				5,
				6,
				{
					"name": "group",
					"origin": [0, 0, 0],
					"color": 0,
					"children": [7, 8]
				},
				9,
				10,
				11,
				12,
				13,
				14,
				15,
				16,
				17,
				18,
				19
			]
		},
		{
			"name": "barrelfront",
			"origin": [8.5, 3.8, -6.5],
			"color": 0,
			"children": [20, 21, 22, 23, 24, 25, 26, 27]
		},
		28,
		29,
		30,
		31,
		32,
		33
	]
}