{
	"credit": "Made with Blockbench",
	"texture_size": [32, 32],
	"textures": {
		"1": "cgm:items/assault_rifle",
		"2": "nzgmaddon:items/heavy_assault_rifle",
		"particle": "cgm:items/assault_rifle"
	},
	"elements": [
		{
			"from": [7.2, 2.25, 9.5],
			"to": [8.8, 3.49, 16.5],
			"rotation": {"angle": 0, "axis": "y", "origin": [0, 0, 0.3]},
			"faces": {
				"north": {"uv": [0, 1.5, 2, 3], "texture": "#2"},
				"east": {"uv": [9, 2, 0.5, 3.5], "texture": "#2"},
				"south": {"uv": [8, 2, 10, 3.5], "texture": "#2"},
				"west": {"uv": [0.5, 2, 9, 3.5], "texture": "#2"},
				"down": {"uv": [2, 3.5, 8, 5.5], "rotation": 270, "texture": "#2"}
			}
		},
		{
			"from": [7.2, 3.49, 9.5],
			"to": [8.8, 3.9, 15.57],
			"rotation": {"angle": 0, "axis": "y", "origin": [0, 0, 0.3]},
			"faces": {
				"north": {"uv": [0, 1, 2, 1.5], "texture": "#2"},
				"east": {"uv": [7.875, 1.5, 0.5, 2], "texture": "#2"},
				"south": {"uv": [8, 1.5, 10, 2], "texture": "#2"},
				"west": {"uv": [0.5, 1.5, 7.875, 2], "texture": "#2"}
			}
		},
		{
			"from": [7.76, 3.15, 7.1],
			"to": [8.24, 3.75, 7.6],
			"rotation": {"angle": 0, "axis": "y", "origin": [0, 0.2, -6.3]},
			"faces": {
				"north": {"uv": [8, 14.5, 8.5, 15], "texture": "#1"},
				"east": {"uv": [8, 14.5, 16, 15], "rotation": 90, "texture": "#1"},
				"south": {"uv": [8, 14.5, 8.5, 15], "texture": "#1"},
				"west": {"uv": [8, 14.5, 16, 15], "rotation": 90, "texture": "#1"}
			}
		},
		{
			"from": [7.76, 3.15, 4.7],
			"to": [8.24, 3.75, 5.2],
			"rotation": {"angle": 0, "axis": "y", "origin": [0, 0.2, -6.3]},
			"faces": {
				"north": {"uv": [8, 14.5, 8.5, 15], "texture": "#1"},
				"east": {"uv": [8, 14.5, 16, 15], "rotation": 90, "texture": "#1"},
				"south": {"uv": [8, 14.5, 8.5, 15], "texture": "#1"},
				"west": {"uv": [8, 14.5, 16, 15], "rotation": 90, "texture": "#1"}
			}
		},
		{
			"from": [7.15, 2.95, 8],
			"to": [8.85, 3.35, 9.5],
			"rotation": {"angle": 0, "axis": "y", "origin": [0, -1.15, 0.8]},
			"faces": {
				"north": {"uv": [8, 2, 10, 2.5], "texture": "#1", "tintindex": 0},
				"east": {"uv": [8, 2.5, 6.5, 3], "texture": "#1", "tintindex": 0},
				"south": {"uv": [8, 2.5, 10, 3], "texture": "#1", "tintindex": 0},
				"west": {"uv": [6.5, 2.5, 8, 3], "texture": "#1", "tintindex": 0},
				"up": {"uv": [3, 4.5, 4.75, 5], "rotation": 270, "texture": "#1", "tintindex": 0},
				"down": {"uv": [2, 5.5, 7.5, 7.5], "rotation": 270, "texture": "#1", "tintindex": 0}
			}
		},
		{
			"from": [7.15, 2.55, 4.5],
			"to": [8.85, 2.95, 9.5],
			"rotation": {"angle": 0, "axis": "y", "origin": [0, -1.15, 0.8]},
			"faces": {
				"north": {"uv": [8, 2.5, 10, 3], "texture": "#1", "tintindex": 0},
				"east": {"uv": [8, 3, 3, 3.5], "texture": "#1", "tintindex": 0},
				"south": {"uv": [8, 3, 10, 3.5], "texture": "#1", "tintindex": 0},
				"west": {"uv": [3, 3, 8, 3.5], "texture": "#1", "tintindex": 0},
				"up": {"uv": [3, 4.5, 4.75, 5], "rotation": 270, "texture": "#1", "tintindex": 0},
				"down": {"uv": [2, 5.5, 7.5, 7.5], "rotation": 270, "texture": "#1", "tintindex": 0}
			}
		},
		{
			"from": [7.15, 2.14, 8.95],
			"to": [8.85, 2.55, 9.5],
			"rotation": {"angle": 0, "axis": "y", "origin": [0, -2, 0.8]},
			"faces": {
				"east": {"uv": [9.5, 3, 10, 3.5], "rotation": 270, "texture": "#1", "tintindex": 0},
				"south": {"uv": [9.5, 3, 10, 3.5], "rotation": 270, "texture": "#1", "tintindex": 0},
				"west": {"uv": [9.5, 3, 10, 3.5], "rotation": 270, "texture": "#1", "tintindex": 0},
				"down": {"uv": [9.5, 3, 10, 3.5], "rotation": 270, "texture": "#1", "tintindex": 0}
			}
		},
		{
			"from": [7.151, 2.14, 7.87],
			"to": [8.849, 2.55, 8.95],
			"rotation": {"angle": 22.5, "axis": "x", "origin": [7.1, 2.14, 8.95]},
			"faces": {
				"east": {"uv": [9.5, 3, 10, 3.5], "rotation": 270, "texture": "#1", "tintindex": 0},
				"west": {"uv": [9.5, 3, 10, 3.5], "rotation": 270, "texture": "#1", "tintindex": 0},
				"down": {"uv": [9.5, 3, 10, 3.5], "rotation": 270, "texture": "#1", "tintindex": 0}
			}
		},
		{
			"from": [7.4, -1.1, 13.7],
			"to": [8.6, 2.6, 15],
			"rotation": {"angle": -22.5, "axis": "x", "origin": [8, 4.5, 15]},
			"faces": {
				"north": {"uv": [13, 0, 14, 3.5], "texture": "#1"},
				"east": {"uv": [12, 0, 13, 3.5], "texture": "#1"},
				"south": {"uv": [11, 0, 12, 3.5], "texture": "#1"},
				"west": {"uv": [10, 0, 11, 3.5], "texture": "#1"},
				"down": {"uv": [11, 3.5, 10, 4.5], "texture": "#1"}
			}
		},
		{
			"from": [7.8, 1.575, 14.325],
			"to": [8.2, 2.3, 14.85],
			"faces": {
				"north": {"uv": [8.5, 0, 9, 0.5], "texture": "#1"},
				"east": {"uv": [8.5, 0, 9, 0.5], "texture": "#1"},
				"west": {"uv": [8.5, 0, 9, 0.5], "texture": "#1"},
				"down": {"uv": [9, 0, 8.5, 0.5], "texture": "#1"}
			}
		},
		{
			"from": [7.15, 3.92, 4.5],
			"to": [8.85, 4.2, 8],
			"rotation": {"angle": 0, "axis": "y", "origin": [0, 0.1, 0.8]},
			"faces": {
				"north": {"uv": [8, 1.5, 10, 2], "texture": "#1", "tintindex": 0},
				"east": {"uv": [8.5, 1, 4.75, 1.5], "texture": "#1", "tintindex": 0},
				"south": {"uv": [8, 1.5, 10, 2], "texture": "#1", "tintindex": 0},
				"west": {"uv": [4.75, 1, 8.5, 1.5], "texture": "#1", "tintindex": 0},
				"down": {"uv": [2, 5.5, 7.5, 7.5], "rotation": 270, "texture": "#1", "tintindex": 0}
			}
		},
		{
			"from": [7.15, 2.95, 8],
			"to": [8.85, 3.35, 9.5],
			"rotation": {"angle": 0, "axis": "y", "origin": [0, -1.15, 0.8]},
			"faces": {
				"north": {"uv": [8, 2, 10, 2.5], "texture": "#1", "tintindex": 0},
				"east": {"uv": [8, 2.5, 6.5, 3], "texture": "#1", "tintindex": 0},
				"south": {"uv": [8, 2.5, 10, 3], "texture": "#1", "tintindex": 0},
				"west": {"uv": [6.5, 2.5, 8, 3], "texture": "#1", "tintindex": 0},
				"up": {"uv": [3, 4.5, 4.75, 5], "rotation": 270, "texture": "#1", "tintindex": 0},
				"down": {"uv": [2, 5.5, 7.5, 7.5], "rotation": 270, "texture": "#1", "tintindex": 0}
			}
		},
		{
			"from": [7.75, 3.75, 4.7],
			"to": [8.25, 4.35, 7.9],
			"rotation": {"angle": 0, "axis": "y", "origin": [0, 0.2, -6.3]},
			"faces": {
				"north": {"uv": [8, 14.5, 8.5, 15], "texture": "#1"},
				"east": {"uv": [8, 14.5, 16, 15], "rotation": 90, "texture": "#1"},
				"west": {"uv": [8, 14.5, 16, 15], "rotation": 90, "texture": "#1"},
				"up": {"uv": [8, 14.5, 16, 15], "rotation": 90, "texture": "#1"},
				"down": {"uv": [16, 15, 8, 15.5], "texture": "#1"}
			}
		},
		{
			"from": [7.15, 2.95, 4.8],
			"to": [7.4, 3.92, 5.36],
			"rotation": {"angle": 0, "axis": "y", "origin": [0, -0.15, 0.3]},
			"faces": {
				"east": {"uv": [8, 2.5, 8.5, 3], "texture": "#1", "tintindex": 0},
				"south": {"uv": [8, 2.5, 8.5, 3], "texture": "#1", "tintindex": 0},
				"west": {"uv": [5, 14, 4.5, 15], "texture": "#1", "tintindex": 0}
			}
		},
		{
			"from": [7.15, 2.95, 5.92],
			"to": [7.4, 3.92, 6.48],
			"rotation": {"angle": 0, "axis": "y", "origin": [0, -0.15, 0.3]},
			"faces": {
				"north": {"uv": [8, 2.5, 8.5, 3], "texture": "#1", "tintindex": 0},
				"east": {"uv": [8, 2.5, 8.5, 3], "texture": "#1", "tintindex": 0},
				"south": {"uv": [8, 2.5, 8.5, 3], "texture": "#1", "tintindex": 0},
				"west": {"uv": [4, 14, 3.5, 15], "texture": "#1", "tintindex": 0}
			}
		},
		{
			"from": [7.15, 2.95, 7.04],
			"to": [7.4, 3.92, 7.6],
			"rotation": {"angle": 0, "axis": "y", "origin": [0, -0.15, 0.3]},
			"faces": {
				"north": {"uv": [8, 2.5, 8.5, 3], "texture": "#1", "tintindex": 0},
				"east": {"uv": [8, 2.5, 8.5, 3], "texture": "#1", "tintindex": 0},
				"west": {"uv": [3, 14, 2.5, 15], "texture": "#1", "tintindex": 0}
			}
		},
		{
			"from": [8.6, 2.95, 4.8],
			"to": [8.85, 3.92, 5.36],
			"rotation": {"angle": 0, "axis": "y", "origin": [0, -0.15, 0.3]},
			"faces": {
				"east": {"uv": [4.5, 14, 5, 15], "texture": "#1", "tintindex": 0},
				"south": {"uv": [8, 2.5, 8.5, 3], "texture": "#1", "tintindex": 0},
				"west": {"uv": [8, 2.5, 8.5, 3], "texture": "#1", "tintindex": 0}
			}
		},
		{
			"from": [8.6, 2.95, 5.92],
			"to": [8.85, 3.92, 6.48],
			"rotation": {"angle": 0, "axis": "y", "origin": [0, -0.15, 0.3]},
			"faces": {
				"north": {"uv": [8, 2.5, 8.5, 3], "texture": "#1", "tintindex": 0},
				"east": {"uv": [4.5, 14, 5, 15], "texture": "#1", "tintindex": 0},
				"south": {"uv": [8, 2.5, 8.5, 3], "texture": "#1", "tintindex": 0},
				"west": {"uv": [8, 2.5, 8.5, 3], "texture": "#1", "tintindex": 0}
			}
		},
		{
			"from": [8.6, 2.95, 7.04],
			"to": [8.85, 3.92, 7.6],
			"rotation": {"angle": 0, "axis": "y", "origin": [0, -0.15, 0.3]},
			"faces": {
				"north": {"uv": [8, 2.5, 8.5, 3], "texture": "#1", "tintindex": 0},
				"east": {"uv": [2.5, 14, 3, 15], "texture": "#1", "tintindex": 0},
				"west": {"uv": [8, 2.5, 8.5, 3], "texture": "#1", "tintindex": 0}
			}
		},
		{
			"from": [7.15, 2.95, 7.6],
			"to": [8.85, 3.65, 8],
			"rotation": {"angle": 0, "axis": "y", "origin": [0, -0.15, 3.15]},
			"faces": {
				"north": {"uv": [8, 2.5, 8.5, 3], "texture": "#1", "tintindex": 0},
				"east": {"uv": [8.5, 2, 8, 2.5], "texture": "#1", "tintindex": 0},
				"south": {"uv": [8, 2, 8.5, 2.5], "texture": "#1", "tintindex": 0},
				"west": {"uv": [8, 2, 8.5, 2.5], "texture": "#1", "tintindex": 0},
				"down": {"uv": [2, 5.5, 7.5, 7.5], "rotation": 270, "texture": "#1", "tintindex": 0}
			}
		},
		{
			"from": [7.15, 2.95, 4.5],
			"to": [8.85, 3.65, 4.8],
			"rotation": {"angle": 0, "axis": "y", "origin": [0, -0.15, 0.3]},
			"faces": {
				"north": {"uv": [8, 2, 8.5, 2.5], "texture": "#1", "tintindex": 0},
				"east": {"uv": [5.25, 1.5, 4.75, 2], "texture": "#1", "tintindex": 0},
				"south": {"uv": [8, 2.5, 8.5, 3], "texture": "#1", "tintindex": 0},
				"west": {"uv": [4.75, 1.5, 5.25, 2], "texture": "#1", "tintindex": 0},
				"down": {"uv": [2, 5.5, 7.5, 7.5], "rotation": 270, "texture": "#1", "tintindex": 0}
			}
		},
		{
			"from": [7.15, 3.65, 4.5],
			"to": [8.85, 3.92, 4.8],
			"rotation": {"angle": 0, "axis": "y", "origin": [0, 0.1, 0.8]},
			"faces": {
				"north": {"uv": [9.5, 2, 10, 2.5], "texture": "#1", "tintindex": 0},
				"east": {"uv": [5.25, 2, 4.75, 2.5], "texture": "#1", "tintindex": 0},
				"south": {"uv": [9.5, 2, 10, 2.5], "texture": "#1", "tintindex": 0},
				"west": {"uv": [4.75, 2, 5.25, 2.5], "texture": "#1", "tintindex": 0}
			}
		},
		{
			"from": [7.15, 3.65, 7.6],
			"to": [8.85, 3.92, 8],
			"rotation": {"angle": 0, "axis": "y", "origin": [0, 0.1, 0.8]},
			"faces": {
				"north": {"uv": [9.5, 2, 10, 2.5], "texture": "#1", "tintindex": 0},
				"east": {"uv": [6.5, 2, 6, 2.5], "texture": "#1", "tintindex": 0},
				"south": {"uv": [9.5, 2, 10, 2.5], "texture": "#1", "tintindex": 0},
				"west": {"uv": [6, 2, 6.5, 2.5], "texture": "#1", "tintindex": 0}
			}
		},
		{
			"from": [7.5, 1, 10.2],
			"to": [8.5, 2.25, 12.7],
			"rotation": {"angle": 0, "axis": "y", "origin": [0, 1.5, -0.5]},
			"faces": {
				"north": {"uv": [0, 7.5, 1, 8], "texture": "#1"},
				"east": {"uv": [3.5, 7.5, 1, 8], "texture": "#1"},
				"south": {"uv": [3.5, 7.5, 4.5, 8], "texture": "#1"},
				"west": {"uv": [1, 7.5, 3.5, 8], "texture": "#1"},
				"down": {"uv": [1, 10, 3.5, 11], "rotation": 90, "texture": "#1"}
			}
		},
		{
			"from": [7.5, -1, 10.2],
			"to": [8.5, 0.5, 12.7],
			"rotation": {"angle": 22.5, "axis": "x", "origin": [7.5, 0.5, 12.7]},
			"faces": {
				"north": {"uv": [0, 8.5, 1, 9], "texture": "#1"},
				"east": {"uv": [3.5, 8, 1, 8.5], "texture": "#1"},
				"south": {"uv": [3.5, 8.5, 4.5, 9], "texture": "#1"},
				"west": {"uv": [1, 8, 3.5, 8.5], "texture": "#1"},
				"down": {"uv": [1, 10, 3.5, 11], "rotation": 90, "texture": "#1"}
			}
		},
		{
			"from": [7.499, -1.2, 10.7],
			"to": [8.501, -0.6, 11.2],
			"rotation": {"angle": 22.5, "axis": "x", "origin": [7.5, 0.5, 12.7]},
			"faces": {
				"east": {"uv": [2, 8.5, 1.5, 9], "texture": "#1"},
				"west": {"uv": [1.5, 8.5, 2, 9], "texture": "#1"}
			}
		},
		{
			"from": [7.499, -1.2, 11.2],
			"to": [8.501, -0.6, 11.7],
			"rotation": {"angle": 22.5, "axis": "x", "origin": [7.5, 0.5, 12.7]},
			"faces": {
				"east": {"uv": [2.5, 8.5, 2, 9], "texture": "#1"},
				"west": {"uv": [2, 8.5, 2.5, 9], "texture": "#1"}
			}
		},
		{
			"from": [7.499, -1.3, 11.7],
			"to": [8.501, -0.6, 12.2],
			"rotation": {"angle": 22.5, "axis": "x", "origin": [7.5, 0.5, 12.7]},
			"faces": {
				"east": {"uv": [3, 8.5, 2.5, 9], "texture": "#1"},
				"west": {"uv": [2.5, 8.5, 3, 9], "texture": "#1"}
			}
		},
		{
			"from": [7.499, -1.5, 12.2],
			"to": [8.501, -0.6, 12.7],
			"rotation": {"angle": 22.5, "axis": "x", "origin": [7.5, 0.5, 12.7]},
			"faces": {
				"east": {"uv": [3.5, 8.5, 3, 9], "texture": "#1"},
				"south": {"uv": [3.5, 8.5, 4.5, 9], "texture": "#1"},
				"west": {"uv": [3, 8.5, 3.5, 9], "texture": "#1"}
			}
		},
		{
			"from": [7.499, 0.5, 12.2],
			"to": [8.501, 1.4, 12.7],
			"rotation": {"angle": 0, "axis": "y", "origin": [7.5, 0.5, 12.7]},
			"faces": {
				"east": {"uv": [3.5, 7.5, 3, 8.25], "texture": "#1"},
				"south": {"uv": [3.5, 7.5, 4.5, 8.25], "texture": "#1"},
				"west": {"uv": [3, 7.5, 3.5, 8.25], "texture": "#1"}
			}
		},
		{
			"from": [7.499, 0.7, 11.7],
			"to": [8.501, 1.4, 12.2],
			"rotation": {"angle": 0, "axis": "y", "origin": [7.5, 0.5, 12.7]},
			"faces": {
				"east": {"uv": [3, 8, 2.5, 8.5], "texture": "#1"},
				"west": {"uv": [2.5, 8, 3, 8.5], "texture": "#1"}
			}
		},
		{
			"from": [7.499, 0.8, 11.2],
			"to": [8.501, 1.4, 11.7],
			"rotation": {"angle": 0, "axis": "y", "origin": [7.5, 0.5, 12.7]},
			"faces": {
				"east": {"uv": [2.5, 8, 2, 8.5], "texture": "#1"},
				"west": {"uv": [2, 8, 2.5, 8.5], "texture": "#1"}
			}
		},
		{
			"from": [7.499, 0.8, 10.7],
			"to": [8.501, 1.4, 11.2],
			"rotation": {"angle": 0, "axis": "y", "origin": [7.5, 0.5, 12.7]},
			"faces": {
				"east": {"uv": [2, 8, 1.5, 8.5], "texture": "#1"},
				"west": {"uv": [1.5, 8, 2, 8.5], "texture": "#1"}
			}
		},
		{
			"from": [7.5, -3.34776, 10.96537],
			"to": [8.5, -1.34776, 13.46537],
			"rotation": {"angle": 45, "axis": "x", "origin": [7.5, 0.5, 12.7]},
			"faces": {
				"north": {"uv": [0, 8.5, 1, 9.75], "texture": "#1"},
				"east": {"uv": [3.5, 8.5, 1, 9.75], "texture": "#1"},
				"south": {"uv": [3.5, 8.5, 4.5, 9.75], "texture": "#1"},
				"west": {"uv": [1, 8.5, 3.5, 9.75], "texture": "#1"},
				"down": {"uv": [1, 10, 3.5, 11], "rotation": 90, "texture": "#1"}
			}
		},
		{
			"from": [7.4, 3.35, 8.2],
			"to": [8.6, 4.45, 10.5],
			"rotation": {"angle": 0, "axis": "y", "origin": [0, 0.1, -0.7]},
			"faces": {
				"north": {"uv": [8, 1.5, 8.5, 2], "texture": "#2"},
				"east": {"uv": [8.5, 1.5, 8, 2], "texture": "#2"},
				"south": {"uv": [8, 1.5, 8.5, 2], "texture": "#2"},
				"west": {"uv": [8, 1.5, 8.5, 2], "texture": "#2"},
				"up": {"uv": [8, 1.5, 8.5, 2], "texture": "#2"}
			}
		},
		{
			"from": [7.641, 4.93604, 10.93396],
			"to": [8.349, 5.23604, 11.14816],
			"rotation": {"angle": 45, "axis": "x", "origin": [8, 11.3, 4.36]},
			"faces": {
				"east": {"uv": [16, 0, 15.5, 0.5], "rotation": 270, "texture": "#1", "tintindex": 0},
				"west": {"uv": [15, 0, 14.5, 0.5], "rotation": 90, "texture": "#1", "tintindex": 0},
				"down": {"uv": [14.5, 0.5, 15, 0], "texture": "#1", "tintindex": 0}
			}
		},
		{
			"from": [7.641, 4.93604, 15.62396],
			"to": [8.349, 5.14604, 15.83816],
			"rotation": {"angle": 45, "axis": "x", "origin": [8, 11.3, 9.05]},
			"faces": {
				"east": {"uv": [16, 0, 15.5, 0.5], "rotation": 270, "texture": "#1", "tintindex": 0},
				"south": {"uv": [14.5, 0.5, 15, 0], "texture": "#1", "tintindex": 0},
				"west": {"uv": [15, 0, 14.5, 0.5], "rotation": 90, "texture": "#1", "tintindex": 0}
			}
		},
		{
			"from": [7.65, 2, 4.66],
			"to": [8.35, 2.3, 9.35],
			"rotation": {"angle": 0, "axis": "y", "origin": [8.4, 6.9, 4.3]},
			"faces": {
				"east": {"uv": [15.5, 0, 16, 0.5], "rotation": 270, "texture": "#1", "tintindex": 0},
				"west": {"uv": [14.5, 0, 15, 0.5], "rotation": 90, "texture": "#1", "tintindex": 0},
				"down": {"uv": [15, 0, 15.5, 5.5], "texture": "#1", "tintindex": 0}
			}
		},
		{
			"from": [7.4, 4.45, 8.4],
			"to": [8.6, 4.65, 9.05],
			"rotation": {"angle": 0, "axis": "y", "origin": [7.45, 4.65, 8.8]},
			"faces": {
				"north": {"uv": [8, 1.5, 8.5, 2], "texture": "#2"},
				"east": {"uv": [8.5, 1.5, 8, 2], "texture": "#2"},
				"south": {"uv": [8, 1.5, 8.5, 2], "texture": "#2"},
				"west": {"uv": [8, 1.5, 8.5, 2], "texture": "#2"},
				"up": {"uv": [8, 1.5, 8.5, 2], "texture": "#2"}
			}
		},
		{
			"from": [7.5, 4.63, 8.48],
			"to": [8.5, 4.74, 8.53],
			"rotation": {"angle": 22.5, "axis": "x", "origin": [7.5, 4.74, 8.48]},
			"faces": {
				"north": {"uv": [8, 2, 8.5, 2.5], "rotation": 180, "texture": "#2"},
				"east": {"uv": [8, 2, 8.5, 2.5], "texture": "#2"},
				"west": {"uv": [8, 2, 8.5, 2.5], "texture": "#2"}
			}
		},
		{
			"from": [7.5, 4.5, 8.48],
			"to": [8.5, 4.74, 10.6],
			"rotation": {"angle": 0, "axis": "y", "origin": [7.45, 4.68, 8.8]},
			"faces": {
				"north": {"uv": [8, 2.5, 8.5, 3], "texture": "#2"},
				"east": {"uv": [8, 2.5, 8.5, 3], "texture": "#2"},
				"south": {"uv": [8, 2.5, 8.5, 3], "texture": "#2"},
				"west": {"uv": [8, 2.5, 8.5, 3], "texture": "#2"},
				"up": {"uv": [8, 2.5, 8.5, 3], "texture": "#2"},
				"down": {"uv": [8, 2.5, 8.5, 3], "texture": "#2"}
			}
		},
		{
			"from": [7.91, 4.74, 10.4],
			"to": [8.09, 4.84, 10.6],
			"rotation": {"angle": 0, "axis": "y", "origin": [7.17, 4.68, 8.8]},
			"faces": {
				"north": {"uv": [8, 2, 8.5, 2.5], "texture": "#2"},
				"east": {"uv": [8.5, 2, 8, 2.5], "texture": "#2"},
				"south": {"uv": [8, 2.5, 8.5, 3], "texture": "#2"},
				"west": {"uv": [8, 2.5, 8.5, 3], "texture": "#2"},
				"up": {"uv": [8, 2, 8.5, 2.5], "texture": "#2"}
			}
		},
		{
			"from": [7.4, 4.45, 9.05],
			"to": [8.6, 4.65, 9.58],
			"rotation": {"angle": 22.5, "axis": "x", "origin": [7.45, 4.65, 9.05]},
			"faces": {
				"north": {"uv": [8, 1.5, 8.5, 2], "texture": "#2"},
				"east": {"uv": [8.5, 1.5, 8, 2], "texture": "#2"},
				"south": {"uv": [8, 1.5, 8.5, 2], "texture": "#2"},
				"west": {"uv": [8, 1.5, 8.5, 2], "texture": "#2"},
				"up": {"uv": [8, 1.5, 8.5, 2], "texture": "#2"}
			}
		},
		{
			"from": [7.4, 4.45, 8.12],
			"to": [8.6, 4.65, 8.4],
			"rotation": {"angle": -45, "axis": "x", "origin": [7.45, 4.65, 8.4]},
			"faces": {
				"north": {"uv": [8, 1.5, 8.5, 2], "texture": "#2"},
				"east": {"uv": [8.5, 1.5, 8, 2], "texture": "#2"},
				"west": {"uv": [8, 1.5, 8.5, 2], "texture": "#2"},
				"up": {"uv": [8, 1.5, 8.5, 2], "texture": "#2"}
			}
		},
		{
			"from": [7.55, 4.2, 4.5],
			"to": [8.45, 4.6, 8],
			"rotation": {"angle": 0, "axis": "y", "origin": [0, 0.2, -6.7]},
			"faces": {
				"north": {"uv": [0.5, 1, 1.5, 1.5], "texture": "#1", "tintindex": 0},
				"south": {"uv": [8.5, 1, 9.5, 1.5], "texture": "#1", "tintindex": 0},
				"up": {"uv": [2, 0, 8, 1], "rotation": 90, "texture": "#1", "tintindex": 0}
			}
		},
		{
			"from": [7.15, 3.8, 4.5],
			"to": [7.716, 4.2, 7.999],
			"rotation": {"angle": 45, "axis": "z", "origin": [7.15, 4.2, 3.8]},
			"faces": {
				"north": {"uv": [1.5, 1, 2, 1.5], "texture": "#1", "tintindex": 0},
				"south": {"uv": [8, 1, 8.5, 1.5], "texture": "#1", "tintindex": 0},
				"up": {"uv": [0, 1, 6, 1.5], "rotation": 90, "texture": "#1", "tintindex": 0}
			}
		},
		{
			"from": [8.284, 3.8, 4.5],
			"to": [8.85, 4.2, 7.999],
			"rotation": {"angle": -45, "axis": "z", "origin": [8.85, 4.2, 3.8]},
			"faces": {
				"north": {"uv": [0, 1, 0.5, 1.5], "texture": "#1", "tintindex": 0},
				"south": {"uv": [9.5, 1, 10, 1.5], "texture": "#1", "tintindex": 0},
				"up": {"uv": [6, 1, 0, 1.5], "rotation": 270, "texture": "#1", "tintindex": 0}
			}
		},
		{
			"from": [8.04969, 1.98431, 4.5],
			"to": [8.61569, 2.38431, 9.499],
			"rotation": {"angle": 45, "axis": "z", "origin": [8.05, 2.55, 5]},
			"faces": {
				"north": {"uv": [1.5, 5, 2, 5.5], "rotation": 180, "texture": "#1", "tintindex": 0},
				"south": {"uv": [8, 3, 8.5, 3.5], "rotation": 180, "texture": "#1", "tintindex": 0},
				"down": {"uv": [3, 4, 8, 4.5], "rotation": 270, "texture": "#1", "tintindex": 0}
			}
		},
		{
			"from": [7.55, 2.15, 4.5],
			"to": [8.45, 2.55, 9.5],
			"rotation": {"angle": 0, "axis": "y", "origin": [8, 2.55, 5]},
			"faces": {
				"north": {"uv": [0.5, 5, 1.5, 5.5], "rotation": 180, "texture": "#1", "tintindex": 0},
				"south": {"uv": [8.5, 3, 9.5, 3.5], "rotation": 180, "texture": "#1", "tintindex": 0},
				"down": {"uv": [2, 5.5, 7.5, 7.5], "rotation": 270, "texture": "#1", "tintindex": 0}
			}
		},
		{
			"from": [7.38431, 2.54969, 4.5],
			"to": [7.78431, 3.11569, 9.499],
			"rotation": {"angle": 45, "axis": "z", "origin": [7.95, 2.55, 5]},
			"faces": {
				"north": {"uv": [0, 5, 0.5, 5.5], "rotation": 90, "texture": "#1", "tintindex": 0},
				"south": {"uv": [9.5, 3, 10, 3.5], "rotation": 270, "texture": "#1", "tintindex": 0},
				"west": {"uv": [8, 4, 3, 4.5], "rotation": 180, "texture": "#1", "tintindex": 0}
			}
		},
		{
			"from": [7.7, 1.15032, 12.96977],
			"to": [8.35, 1.45032, 15.16977],
			"rotation": {"angle": 0, "axis": "y", "origin": [10.5, 7.95032, 7.96977]},
			"faces": {
				"east": {"uv": [9, 0, 10, 0.5], "texture": "#1"},
				"west": {"uv": [9, 0, 10, 0.5], "texture": "#1"},
				"up": {"uv": [9, 0, 10, 0.5], "rotation": 90, "texture": "#1"},
				"down": {"uv": [9, 0, 10, 0.5], "rotation": 90, "texture": "#1"}
			}
		},
		{
			"from": [7.6, 1.10032, 12.71977],
			"to": [8.35, 2.25032, 13.46977],
			"rotation": {"angle": 0, "axis": "y", "origin": [10.5, 7.95032, 7.96977]},
			"faces": {
				"north": {"uv": [4.5, 8, 5, 9.125], "texture": "#1"},
				"east": {"uv": [4.25, 8, 5, 9.125], "texture": "#1"},
				"south": {"uv": [4.5, 8, 5, 9.125], "texture": "#1"},
				"west": {"uv": [4.25, 8, 5, 9.125], "texture": "#1"},
				"down": {"uv": [5, 7.5, 5.5, 8], "texture": "#1"}
			}
		},
		{
			"from": [7.75, 3.85, 3],
			"to": [8.25, 4.35, 4.7],
			"rotation": {"angle": 0, "axis": "y", "origin": [0, 0.2, -6.3]},
			"faces": {
				"north": {"uv": [8, 14.5, 8.5, 15], "texture": "#1"},
				"east": {"uv": [8, 14.5, 16, 15], "rotation": 90, "texture": "#1"},
				"west": {"uv": [8, 14.5, 16, 15], "rotation": 90, "texture": "#1"},
				"up": {"uv": [8, 14.5, 16, 15], "rotation": 90, "texture": "#1"},
				"down": {"uv": [16, 15, 8, 15.5], "texture": "#1"}
			}
		},
		{
			"from": [7.8, 3.35, 2.9],
			"to": [8.2, 3.85, 3.3],
			"rotation": {"angle": 0, "axis": "y", "origin": [0, -0.3, -7.7]},
			"faces": {
				"east": {"uv": [8, 14.5, 8.5, 15], "rotation": 90, "texture": "#1"},
				"south": {"uv": [8, 15, 8.5, 15.5], "texture": "#1"},
				"west": {"uv": [8, 14.5, 8.5, 15], "rotation": 90, "texture": "#1"}
			}
		},
		{
			"from": [7.76, 4.64, 0.56],
			"to": [7.86, 4.94, 1.14],
			"rotation": {"angle": 22.5, "axis": "z", "origin": [7.76, 4.74, 0.55]},
			"faces": {
				"north": {"uv": [8, 14.5, 8.5, 15], "texture": "#2"},
				"east": {"uv": [8, 14.5, 8.5, 15], "texture": "#2"},
				"south": {"uv": [8, 14.5, 8.5, 15], "texture": "#2"},
				"west": {"uv": [8, 14.5, 8.5, 15], "texture": "#2"},
				"up": {"uv": [8, 14.5, 8.5, 15], "texture": "#2"}
			}
		},
		{
			"from": [7.61858, 4.88142, 0.56],
			"to": [7.71858, 5.13142, 1.14],
			"rotation": {"angle": -22.5, "axis": "z", "origin": [7.76, 4.74, 0.55]},
			"faces": {
				"north": {"uv": [8, 14.5, 8.5, 15], "texture": "#2"},
				"east": {"uv": [8, 14.5, 8.5, 15], "texture": "#2"},
				"south": {"uv": [8, 14.5, 8.5, 15], "texture": "#2"},
				"west": {"uv": [8, 14.5, 8.5, 15], "texture": "#2"},
				"up": {"uv": [8, 14.5, 8.5, 15], "texture": "#2"}
			}
		},
		{
			"from": [7.76, 4.36, 0.55],
			"to": [8.24, 4.74, 1.15],
			"rotation": {"angle": 0, "axis": "y", "origin": [0, -0.19, -10.6]},
			"faces": {
				"north": {"uv": [8, 14.5, 8.5, 15], "rotation": 90, "texture": "#1"},
				"east": {"uv": [7.5, 13.75, 8, 14.25], "rotation": 90, "texture": "#1"},
				"south": {"uv": [8, 14.5, 8.5, 15], "texture": "#1"},
				"west": {"uv": [8, 14.5, 8.5, 15], "rotation": 90, "texture": "#1"},
				"up": {"uv": [7.5, 13.75, 8, 14.25], "rotation": 90, "texture": "#1"},
				"down": {"uv": [7.5, 13.75, 8, 14.25], "rotation": 90, "texture": "#1"}
			}
		},
		{
			"from": [7.76, 3.58, 0.55],
			"to": [8.24, 4.36, 0.83],
			"rotation": {"angle": 0, "axis": "y", "origin": [0, -0.29, -10.6]},
			"faces": {
				"north": {"uv": [8, 14.5, 8.5, 15], "rotation": 90, "texture": "#1"},
				"east": {"uv": [8, 14.5, 8.5, 15], "rotation": 90, "texture": "#1"},
				"south": {"uv": [7.5, 13.75, 8, 14.25], "texture": "#1"},
				"west": {"uv": [8, 14.5, 8.5, 15], "rotation": 90, "texture": "#1"}
			}
		},
		{
			"from": [7.76, 3.555, 0.94],
			"to": [8.24, 4.475, 1.19],
			"rotation": {"angle": -22.5, "axis": "x", "origin": [7.76, 4.32, 1.15]},
			"faces": {
				"north": {"uv": [7.5, 13.75, 8, 14.25], "rotation": 90, "texture": "#1"},
				"east": {"uv": [8, 14.5, 8.5, 15], "rotation": 90, "texture": "#1"},
				"south": {"uv": [8, 14.5, 8.5, 15], "texture": "#1"},
				"west": {"uv": [8, 14.5, 8.5, 15], "rotation": 90, "texture": "#1"}
			}
		},
		{
			"from": [7.94, 4.69, 0.56],
			"to": [8.06, 4.96, 1.14],
			"rotation": {"angle": 0, "axis": "y", "origin": [0, 0.09, 0.4]},
			"faces": {
				"north": {"uv": [8, 15, 8.5, 15.5], "texture": "#2"},
				"east": {"uv": [8, 15, 8.5, 15.5], "texture": "#2"},
				"south": {"uv": [8, 15, 8.5, 15.5], "texture": "#2"},
				"west": {"uv": [8, 15, 8.5, 15.5], "texture": "#2"},
				"up": {"uv": [8.5, 15.5, 8, 15], "texture": "#2"}
			}
		},
		{
			"from": [8.14, 4.64, 0.56],
			"to": [8.24, 4.94, 1.14],
			"rotation": {"angle": -22.5, "axis": "z", "origin": [8.24, 4.74, 0.55]},
			"faces": {
				"north": {"uv": [8, 14.5, 8.5, 15], "texture": "#2"},
				"east": {"uv": [8, 14.5, 8.5, 15], "texture": "#2"},
				"south": {"uv": [8, 14.5, 8.5, 15], "texture": "#2"},
				"west": {"uv": [8, 14.5, 8.5, 15], "texture": "#2"},
				"up": {"uv": [8, 14.5, 8.5, 15], "texture": "#2"}
			}
		},
		{
			"from": [8.28142, 4.88142, 0.56],
			"to": [8.38142, 5.13142, 1.14],
			"rotation": {"angle": 22.5, "axis": "z", "origin": [8.24, 4.74, 0.55]},
			"faces": {
				"north": {"uv": [8, 14.5, 8.5, 15], "texture": "#2"},
				"east": {"uv": [8, 14.5, 8.5, 15], "texture": "#2"},
				"south": {"uv": [8, 14.5, 8.5, 15], "texture": "#2"},
				"west": {"uv": [8, 14.5, 8.5, 15], "texture": "#2"},
				"up": {"uv": [8, 14.5, 8.5, 15], "texture": "#2"}
			}
		},
		{
			"from": [7.75, 3.45, 0.55],
			"to": [8.25, 3.63, 1.48],
			"rotation": {"angle": 0, "axis": "y", "origin": [0, -0.3, -10.6]},
			"faces": {
				"north": {"uv": [8, 14.5, 8.5, 15], "rotation": 90, "texture": "#1"},
				"east": {"uv": [8, 14.5, 8.5, 15], "rotation": 90, "texture": "#1"},
				"south": {"uv": [8, 14.5, 8.5, 15], "texture": "#1"},
				"west": {"uv": [8, 14.5, 8.5, 15], "rotation": 90, "texture": "#1"},
				"up": {"uv": [8, 14.5, 8.5, 15], "rotation": 90, "texture": "#1"}
			}
		},
		{
			"from": [7.75, 3.75, 1.7],
			"to": [8.25, 4.35, 3],
			"rotation": {"angle": -45, "axis": "x", "origin": [8, 4.35, 3]},
			"faces": {
				"east": {"uv": [8, 14.5, 8.5, 15], "rotation": 90, "texture": "#1"},
				"west": {"uv": [8, 14.5, 8.5, 15], "rotation": 90, "texture": "#1"},
				"up": {"uv": [8, 14.5, 8.5, 15], "rotation": 90, "texture": "#1"},
				"down": {"uv": [8.5, 15, 8, 15.5], "texture": "#1"}
			}
		},
		{
			"from": [7.55, 2.75, 0],
			"to": [7.8, 3.25, 9.2],
			"rotation": {"angle": 0, "axis": "y", "origin": [0.05, -0.6, -1.6]},
			"faces": {
				"north": {"uv": [7.5, 13, 8, 13.5], "texture": "#1"},
				"east": {"uv": [7.5, 13, 8, 13.5], "texture": "#1"},
				"west": {"uv": [7.5, 14.5, 16, 15], "texture": "#1"}
			}
		},
		{
			"from": [7.75, 2.55, 0],
			"to": [8.25, 2.8, 9.2],
			"rotation": {"angle": 0, "axis": "y", "origin": [0, -0.55, -1.6]},
			"faces": {
				"north": {"uv": [7.5, 13, 8, 13.5], "texture": "#1"},
				"up": {"uv": [8, 13.5, 7.5, 13], "texture": "#1"},
				"down": {"uv": [7.5, 15.5, 16, 16], "rotation": 270, "texture": "#1"}
			}
		},
		{
			"from": [8.17929, 2.43871, 0.001],
			"to": [8.37929, 2.72071, 9.201],
			"rotation": {"angle": -45, "axis": "z", "origin": [8.45, 2.65, -0.6]},
			"faces": {
				"north": {"uv": [7.5, 13, 8, 13.5], "texture": "#1"},
				"east": {"uv": [7.5, 15, 16, 15.5], "rotation": 180, "texture": "#1"}
			}
		},
		{
			"from": [8.2, 2.75, 0],
			"to": [8.45, 3.25, 9.2],
			"rotation": {"angle": 0, "axis": "y", "origin": [-0.05, -0.6, -1.6]},
			"faces": {
				"north": {"uv": [7.5, 13, 8, 13.5], "texture": "#1"},
				"east": {"uv": [7.5, 14.5, 16, 15], "rotation": 180, "texture": "#1"},
				"west": {"uv": [7.5, 13, 8, 13.5], "texture": "#1"}
			}
		},
		{
			"from": [8.32071, 3.22071, 0.001],
			"to": [8.52071, 3.50271, 9.201],
			"rotation": {"angle": 45, "axis": "z", "origin": [8.45, 3.15, -0.6]},
			"faces": {
				"north": {"uv": [7.5, 13, 8, 13.5], "texture": "#1"},
				"east": {"uv": [7.5, 14, 16, 14.5], "rotation": 180, "texture": "#1"}
			}
		},
		{
			"from": [7.75, 3.2, 0],
			"to": [8.25, 3.45, 9.2],
			"rotation": {"angle": 0, "axis": "y", "origin": [0, -0.65, -1.6]},
			"faces": {
				"north": {"uv": [7.5, 13, 8, 13.5], "texture": "#1"},
				"up": {"uv": [7.5, 13.5, 16, 14], "rotation": 90, "texture": "#1"},
				"down": {"uv": [8, 13, 7.5, 13.5], "texture": "#1"}
			}
		},
		{
			"from": [7.47929, 3.22071, 0.001],
			"to": [7.67929, 3.50271, 9.201],
			"rotation": {"angle": -45, "axis": "z", "origin": [7.55, 3.15, -0.6]},
			"faces": {
				"north": {"uv": [7.5, 13, 8, 13.5], "texture": "#1"},
				"west": {"uv": [7.5, 14, 16, 14.5], "texture": "#1"}
			}
		},
		{
			"from": [7.62071, 2.43871, 0.001],
			"to": [7.82071, 2.72071, 9.201],
			"rotation": {"angle": 45, "axis": "z", "origin": [7.55, 2.65, -0.6]},
			"faces": {
				"north": {"uv": [7.5, 13, 8, 13.5], "texture": "#1"},
				"west": {"uv": [7.5, 15, 16, 15.5], "texture": "#1"}
			}
		},
		{
			"from": [7.7, 2.6, 3.899],
			"to": [8.3, 3.4, 4.5],
			"rotation": {"angle": 0, "axis": "y", "origin": [11, 8.2, 7.6]},
			"faces": {
				"north": {"uv": [0.5, 11.5, 1.5, 12.5], "texture": "#2", "tintindex": 0}
			}
		},
		{
			"from": [7.5, 2.74, -0.4],
			"to": [7.75, 3.26, 1.6],
			"rotation": {"angle": 0, "axis": "y", "origin": [0.05, -0.6, -2]},
			"faces": {
				"north": {"uv": [7.5, 13, 8, 13.5], "texture": "#1"},
				"east": {"uv": [7.5, 13, 8, 13.5], "texture": "#1"},
				"south": {"uv": [8, 15.5, 8.5, 16], "texture": "#1"},
				"west": {"uv": [7.5, 14.5, 8.75, 15], "texture": "#1"}
			}
		},
		{
			"from": [7.74, 2.5, -0.4],
			"to": [8.26, 2.75, 1.6],
			"rotation": {"angle": 0, "axis": "y", "origin": [0, -0.55, -2]},
			"faces": {
				"north": {"uv": [7.5, 13, 8, 13.5], "texture": "#1"},
				"south": {"uv": [8, 15.5, 8.5, 16], "texture": "#1"},
				"up": {"uv": [8, 13.5, 7.5, 13], "texture": "#1"},
				"down": {"uv": [7.5, 15.5, 8.75, 16], "rotation": 270, "texture": "#1"}
			}
		},
		{
			"from": [8.17929, 2.40871, -0.399],
			"to": [8.41929, 2.75071, 1.601],
			"rotation": {"angle": -45, "axis": "z", "origin": [8.45, 2.65, -1]},
			"faces": {
				"north": {"uv": [7.5, 13, 8, 13.5], "texture": "#1"},
				"east": {"uv": [7.5, 15, 8.75, 15.5], "rotation": 180, "texture": "#1"},
				"south": {"uv": [8, 15.5, 8.5, 16], "texture": "#1"},
				"west": {"uv": [7.5, 13, 8, 13.5], "texture": "#1"}
			}
		},
		{
			"from": [8.25, 2.74, -0.4],
			"to": [8.5, 3.26, 1.6],
			"rotation": {"angle": 0, "axis": "y", "origin": [-0.05, -0.6, -2]},
			"faces": {
				"north": {"uv": [7.5, 13, 8, 13.5], "texture": "#1"},
				"east": {"uv": [7.5, 14.5, 8.75, 15], "rotation": 180, "texture": "#1"},
				"south": {"uv": [8, 15.5, 8.5, 16], "texture": "#1"},
				"west": {"uv": [7.5, 13, 8, 13.5], "texture": "#1"}
			}
		},
		{
			"from": [8.32071, 3.19071, -0.399],
			"to": [8.56071, 3.53271, 1.601],
			"rotation": {"angle": 45, "axis": "z", "origin": [8.45, 3.15, -1]},
			"faces": {
				"north": {"uv": [7.5, 13, 8, 13.5], "texture": "#1"},
				"east": {"uv": [7.5, 14, 8.75, 14.5], "rotation": 180, "texture": "#1"},
				"south": {"uv": [8, 15.5, 8.5, 16], "texture": "#1"},
				"west": {"uv": [7.5, 13, 8, 13.5], "texture": "#1"}
			}
		},
		{
			"from": [7.74, 3.25, -0.4],
			"to": [8.26, 3.5, 1.6],
			"rotation": {"angle": 0, "axis": "y", "origin": [0, -0.65, -2]},
			"faces": {
				"north": {"uv": [7.5, 13, 8, 13.5], "texture": "#1"},
				"south": {"uv": [8, 15.5, 8.5, 16], "texture": "#1"},
				"up": {"uv": [7.5, 13.5, 8.75, 14], "rotation": 90, "texture": "#1"},
				"down": {"uv": [8, 13, 7.5, 13.5], "texture": "#1"}
			}
		},
		{
			"from": [7.4373, 3.19071, -0.399],
			"to": [7.6773, 3.53271, 1.601],
			"rotation": {"angle": -45, "axis": "z", "origin": [7.55, 3.15, -1]},
			"faces": {
				"north": {"uv": [7.5, 13, 8, 13.5], "texture": "#1"},
				"east": {"uv": [7.5, 13, 8, 13.5], "texture": "#1"},
				"south": {"uv": [8, 15.5, 8.5, 16], "texture": "#1"},
				"west": {"uv": [7.5, 14, 8.75, 14.5], "texture": "#1"}
			}
		},
		{
			"from": [7.58071, 2.40871, -0.399],
			"to": [7.82071, 2.75071, 1.601],
			"rotation": {"angle": 45, "axis": "z", "origin": [7.55, 2.65, -1]},
			"faces": {
				"north": {"uv": [7.5, 13, 8, 13.5], "texture": "#1"},
				"east": {"uv": [7.5, 13, 8, 13.5], "texture": "#1"},
				"south": {"uv": [8, 15.5, 8.5, 16], "texture": "#1"},
				"west": {"uv": [7.5, 15, 8.75, 15.5], "texture": "#1"}
			}
		},
		{
			"from": [7.7, 2.6, 3.399],
			"to": [8.3, 3.4, 3.399],
			"rotation": {"angle": 0, "axis": "y", "origin": [11, 8.2, 7.1]},
			"faces": {
				"north": {"uv": [0.5, 11.5, 1.5, 12.5], "texture": "#2", "tintindex": 0}
			}
		},
		{
			"from": [8.184, 3.75, 8],
			"to": [8.75, 4.15, 8.199],
			"rotation": {"angle": -45, "axis": "z", "origin": [8.75, 4.15, 9.8]},
			"faces": {
				"north": {"uv": [7.5, 0.5, 8, 1], "texture": "#2"},
				"south": {"uv": [7.5, 0.5, 8, 1], "texture": "#2"},
				"up": {"uv": [7.5, 0.5, 8, 1], "texture": "#2"}
			}
		},
		{
			"from": [7.65, 4.3, 10.7],
			"to": [8.35, 4.6, 15.4],
			"rotation": {"angle": 0, "axis": "y", "origin": [8.4, 7.3, 6]},
			"faces": {
				"east": {"uv": [15.5, 0, 16, 5.5], "rotation": 270, "texture": "#2"},
				"west": {"uv": [14.5, 0, 15, 5.5], "rotation": 90, "texture": "#2"},
				"up": {"uv": [15, 0, 15.5, 5.5], "texture": "#2"}
			}
		},
		{
			"from": [7.651, 4, 10.45],
			"to": [8.349, 4.3, 10.8242],
			"rotation": {"angle": -45, "axis": "x", "origin": [8, 4.3, 10.4]},
			"faces": {
				"east": {"uv": [15.5, 0, 16, 0.5], "rotation": 270, "texture": "#2"},
				"west": {"uv": [14.5, 0, 15, 0.5], "rotation": 90, "texture": "#2"},
				"up": {"uv": [14.5, 0, 15, 0.5], "texture": "#2"}
			}
		},
		{
			"from": [7.651, 6.40416, 14.27996],
			"to": [8.349, 6.70416, 14.65416],
			"rotation": {"angle": 45, "axis": "x", "origin": [8, 4.3, 12.3]},
			"faces": {
				"east": {"uv": [15.5, 0.5, 16, 0], "rotation": 270, "texture": "#2"},
				"west": {"uv": [14.5, 0.5, 15, 0], "rotation": 90, "texture": "#2"},
				"up": {"uv": [14.5, 0.5, 15, 0], "texture": "#2"}
			}
		},
		{
			"from": [7.801, 6.70416, 14.95996],
			"to": [8.199, 7.00416, 15.43416],
			"rotation": {"angle": 45, "axis": "x", "origin": [8, 4.3, 12.3]},
			"faces": {
				"north": {"uv": [9.5, 3.5, 10, 3], "texture": "#2"},
				"east": {"uv": [9.5, 3.5, 10, 3], "texture": "#2"},
				"south": {"uv": [9.5, 3.5, 10, 3], "texture": "#2"},
				"west": {"uv": [9.5, 3.5, 10, 3], "texture": "#2"},
				"up": {"uv": [9.5, 3.5, 10, 3], "texture": "#2"}
			}
		},
		{
			"from": [7.2, 3.49, 15.57],
			"to": [8.8, 3.95, 15.95],
			"rotation": {"angle": 0, "axis": "y", "origin": [0, 0, 0.76]},
			"faces": {
				"east": {"uv": [0.5, 1.5, 1.125, 2], "texture": "#2"},
				"south": {"uv": [8, 1.5, 10, 2], "texture": "#2"},
				"west": {"uv": [0.5, 1.5, 1.125, 2], "texture": "#2"},
				"up": {"uv": [8, 1.5, 10, 2], "texture": "#2"}
			}
		},
		{
			"from": [7.56, 3.49, 15.95],
			"to": [8.44, 3.85, 16.5],
			"rotation": {"angle": 0, "axis": "y", "origin": [0, 0, 1]},
			"faces": {
				"east": {"uv": [0.5, 1.5, 1.125, 2], "texture": "#2"},
				"south": {"uv": [8, 1.5, 10, 2], "texture": "#2"},
				"west": {"uv": [0.5, 1.5, 1.125, 2], "texture": "#2"},
				"up": {"uv": [8, 1.5, 10, 2], "texture": "#2"}
			}
		},
		{
			"from": [7.65, 3.85011, 16],
			"to": [8.35, 4.62811, 16.5],
			"rotation": {"angle": -45, "axis": "x", "origin": [7.65, 3.85, 16.5]},
			"faces": {
				"east": {"uv": [0.5, 1, 1.5, 1.5], "rotation": 270, "texture": "#2"},
				"south": {"uv": [2, 0, 8, 1], "rotation": 90, "texture": "#2"},
				"west": {"uv": [8.5, 1, 9.5, 1.5], "rotation": 90, "texture": "#2"},
				"up": {"uv": [0.5, 1, 1.5, 1.5], "rotation": 180, "texture": "#2"},
				"down": {"uv": [8.5, 1, 9.5, 1.5], "texture": "#2"}
			}
		},
		{
			"from": [7.67, 3.81431, 9.5],
			"to": [8.07, 4.45031, 15.949],
			"rotation": {"angle": -45, "axis": "z", "origin": [7.6, 4.45, 10.8]},
			"faces": {
				"north": {"uv": [1.5, 1, 2, 1.5], "rotation": 90, "texture": "#2"},
				"south": {"uv": [8, 1, 8.5, 1.5], "rotation": 270, "texture": "#2"},
				"west": {"uv": [0, 1, 6, 1.5], "texture": "#2"}
			}
		},
		{
			"from": [7.65, 3.9, 9.5],
			"to": [8.35, 4.4, 15.95],
			"rotation": {"angle": 0, "axis": "y", "origin": [0, 0, 0.3]},
			"faces": {
				"north": {"uv": [0.5, 1, 1.5, 1.5], "texture": "#2"},
				"south": {"uv": [8.5, 1, 9.5, 1.5], "texture": "#2"},
				"up": {"uv": [2, 0, 8, 1], "rotation": 90, "texture": "#2"}
			}
		},
		{
			"from": [8.39969, 3.98, 9.5],
			"to": [9.03569, 4.38, 15.949],
			"rotation": {"angle": -45, "axis": "z", "origin": [8.4, 4.45, 10.8]},
			"faces": {
				"north": {"uv": [0, 1, 0.5, 1.5], "texture": "#2"},
				"south": {"uv": [9.5, 1, 10, 1.5], "texture": "#2"},
				"up": {"uv": [6, 1, 0, 1.5], "rotation": 270, "texture": "#2"}
			}
		},
		{
			"from": [7.67, 3.35431, 15.95],
			"to": [8.07, 3.86231, 16.499],
			"rotation": {"angle": -45, "axis": "z", "origin": [7.6, 3.99, 11.03]},
			"faces": {
				"north": {"uv": [1.5, 1, 2, 1.5], "rotation": 90, "texture": "#2"},
				"south": {"uv": [8, 1, 8.5, 1.5], "rotation": 270, "texture": "#2"},
				"west": {"uv": [0, 1, 6, 1.5], "texture": "#2"}
			}
		},
		{
			"from": [8.5267, 3.52, 15.95],
			"to": [9.0357, 3.92, 16.499],
			"rotation": {"angle": -45, "axis": "z", "origin": [8.4, 3.99, 11.03]},
			"faces": {
				"north": {"uv": [0, 1, 0.5, 1.5], "texture": "#2"},
				"south": {"uv": [9.5, 1, 10, 1.5], "texture": "#2"},
				"up": {"uv": [6, 1, 0, 1.5], "rotation": 270, "texture": "#2"}
			}
		},
		{
			"from": [7.2, 3.9, 9.5],
			"to": [8.8, 3.95, 15.57],
			"rotation": {"angle": 0, "axis": "y", "origin": [0, 0.05, 0.76]},
			"faces": {
				"east": {"uv": [0.5, 1.5, 1.125, 2], "texture": "#2"},
				"south": {"uv": [8, 1.5, 10, 2], "texture": "#2"},
				"west": {"uv": [0.5, 1.5, 1.125, 2], "texture": "#2"},
				"up": {"uv": [8, 1.5, 10, 2], "texture": "#2"}
			}
		},
		{
			"from": [7.48431, 2.64969, 4.35],
			"to": [7.88431, 3.21569, 4.549],
			"rotation": {"angle": 45, "axis": "z", "origin": [8.05, 2.65, 4.35]},
			"faces": {
				"north": {"uv": [7.5, 0.5, 8, 1], "rotation": 90, "texture": "#2"},
				"south": {"uv": [7.5, 0.5, 8, 1], "rotation": 270, "texture": "#2"},
				"west": {"uv": [7.5, 0.5, 8, 1], "rotation": 270, "texture": "#2"}
			}
		},
		{
			"from": [7.65, 2.25, 4.35],
			"to": [8.35, 2.65, 4.55],
			"rotation": {"angle": 0, "axis": "y", "origin": [8, 2.65, 4.35]},
			"faces": {
				"north": {"uv": [7.5, 0.5, 8, 1], "rotation": 180, "texture": "#2"},
				"south": {"uv": [7.5, 0.5, 8, 1], "rotation": 180, "texture": "#2"},
				"down": {"uv": [7.5, 0.5, 8, 1], "rotation": 270, "texture": "#2"}
			}
		},
		{
			"from": [7.25, 2.65, 4.35],
			"to": [8.75, 4.1, 4.55],
			"rotation": {"angle": 0, "axis": "y", "origin": [0, 0.1, -4.35]},
			"faces": {
				"north": {"uv": [8, 1.5, 8.5, 2], "texture": "#2"},
				"east": {"uv": [8.5, 1.5, 8, 2], "texture": "#2"},
				"south": {"uv": [8, 1.5, 8.5, 2], "texture": "#2"},
				"west": {"uv": [8, 1.5, 8.5, 2], "texture": "#2"}
			}
		},
		{
			"from": [7.94969, 2.08431, 4.35],
			"to": [8.51569, 2.48431, 4.549],
			"rotation": {"angle": 45, "axis": "z", "origin": [7.95, 2.65, 4.35]},
			"faces": {
				"north": {"uv": [7.5, 0.5, 8, 1], "rotation": 180, "texture": "#2"},
				"south": {"uv": [7.5, 0.5, 8, 1], "rotation": 180, "texture": "#2"},
				"down": {"uv": [7.5, 0.5, 8, 1], "rotation": 180, "texture": "#2"}
			}
		},
		{
			"from": [8.184, 3.7, 4.35],
			"to": [8.75, 4.1, 4.549],
			"rotation": {"angle": -45, "axis": "z", "origin": [8.75, 4.1, 6.15]},
			"faces": {
				"north": {"uv": [7.5, 0.5, 8, 1], "texture": "#2"},
				"south": {"uv": [7.5, 0.5, 8, 1], "texture": "#2"},
				"up": {"uv": [7.5, 0.5, 8, 1], "texture": "#2"}
			}
		},
		{
			"from": [7.25, 3.7, 4.35],
			"to": [7.816, 4.1, 4.549],
			"rotation": {"angle": 45, "axis": "z", "origin": [7.25, 4.1, 6.15]},
			"faces": {
				"north": {"uv": [7.5, 0.5, 8, 1], "texture": "#2"},
				"south": {"uv": [7.5, 0.5, 8, 1], "texture": "#2"},
				"up": {"uv": [7.5, 0.5, 8, 1], "texture": "#2"}
			}
		},
		{
			"from": [7.65, 4.1, 4.35],
			"to": [8.35, 4.5, 4.55],
			"rotation": {"angle": 0, "axis": "y", "origin": [0, 0.1, -4.35]},
			"faces": {
				"north": {"uv": [7.5, 0.5, 8, 1], "texture": "#2"},
				"south": {"uv": [7.5, 0.5, 8, 1], "texture": "#2"},
				"up": {"uv": [7.5, 0.5, 8, 1], "rotation": 90, "texture": "#2"}
			}
		},
		{
			"from": [7.25, 3.35, 8],
			"to": [8.75, 4.15, 8.2],
			"rotation": {"angle": 0, "axis": "y", "origin": [0, 0.1, -0.7]},
			"faces": {
				"north": {"uv": [8, 1.5, 8.5, 2], "texture": "#2"},
				"east": {"uv": [8.5, 1.5, 8, 2], "texture": "#2"},
				"south": {"uv": [8, 1.5, 8.5, 2], "texture": "#2"},
				"west": {"uv": [8, 1.5, 8.5, 2], "texture": "#2"}
			}
		},
		{
			"from": [7.25, 3.75, 8],
			"to": [7.816, 4.15, 8.199],
			"rotation": {"angle": 45, "axis": "z", "origin": [7.25, 4.15, 9.8]},
			"faces": {
				"north": {"uv": [7.5, 0.5, 8, 1], "texture": "#2"},
				"south": {"uv": [7.5, 0.5, 8, 1], "texture": "#2"},
				"up": {"uv": [7.5, 0.5, 8, 1], "texture": "#2"}
			}
		},
		{
			"from": [7.65, 4.15, 8],
			"to": [8.35, 4.55, 8.2],
			"rotation": {"angle": 0, "axis": "y", "origin": [0, 0.15, -0.7]},
			"faces": {
				"north": {"uv": [7.5, 0.5, 8, 1], "texture": "#2"},
				"south": {"uv": [7.5, 0.5, 8, 1], "texture": "#2"},
				"up": {"uv": [7.5, 0.5, 8, 1], "rotation": 90, "texture": "#2"}
			}
		},
		{
			"from": [7.5, 4.74, 10.4],
			"to": [7.91, 4.99, 10.6],
			"rotation": {"angle": 0, "axis": "y", "origin": [7.45, 4.68, 8.8]},
			"faces": {
				"north": {"uv": [8, 2.5, 8.5, 3], "texture": "#2"},
				"east": {"uv": [8.5, 2.5, 8, 3], "texture": "#2"},
				"south": {"uv": [8, 2.5, 8.5, 3], "texture": "#2"},
				"west": {"uv": [8, 2.5, 8.5, 3], "texture": "#2"},
				"up": {"uv": [8, 2.5, 8.5, 3], "texture": "#2"}
			}
		},
		{
			"from": [8.09, 4.74, 10.4],
			"to": [8.5, 4.99, 10.6],
			"rotation": {"angle": 0, "axis": "y", "origin": [7.45, 4.68, 8.8]},
			"faces": {
				"north": {"uv": [8, 2.5, 8.5, 3], "texture": "#2"},
				"east": {"uv": [8.5, 2.5, 8, 3], "texture": "#2"},
				"south": {"uv": [8, 2.5, 8.5, 3], "texture": "#2"},
				"west": {"uv": [8, 2.5, 8.5, 3], "texture": "#2"},
				"up": {"uv": [8, 2.5, 8.5, 3], "texture": "#2"}
			}
		}
	],
	"groups": [
		{
			"name": "heavy_assault_rifle",
			"origin": [7.5, 0.25, 13.2],
			"color": 0,
			"children": [
				0,
				1,
				2,
				3,
				4,
				5,
				6,
				7,
				8,
				9,
				10,
				11,
				12,
				13,
				14,
				15,
				16,
				17,
				18,
				19,
				20,
				21,
				22,
				{
					"name": "magazine",
					"origin": [7.5, 0.25, 13.2],
					"color": 0,
					"children": [23, 24, 25, 26, 27, 28, 29, 30, 31, 32, 33]
				},
				34,
				35,
				36,
				37,
				38,
				{
					"name": "group",
					"origin": [7.45, 4.65, 8.8],
					"color": 0,
					"children": [39, 40, 41]
				},
				42,
				43,
				44,
				45,
				46,
				47,
				48,
				49,
				50,
				51,
				52,
				53,
				{
					"name": "sight_tower",
					"origin": [0, -0.3, -11],
					"color": 0,
					"children": [54, 55, 56, 57, 58, 59, 60, 61, 62]
				},
				63,
				{
					"name": "barrel",
					"origin": [10.5, 3.2, 1],
					"color": 0,
					"children": [64, 65, 66, 67, 68, 69, 70, 71, 72]
				},
				{
					"name": "barrel2",
					"origin": [10.5, 3.2, 1],
					"color": 0,
					"children": [73, 74, 75, 76, 77, 78, 79, 80, 81]
				},
				82,
				83,
				84,
				85,
				86,
				87,
				88,
				89,
				90,
				91,
				92,
				93,
				94,
				95,
				96,
				97,
				98,
				99,
				100,
				101,
				102,
				103,
				104,
				105
			]
		},
		106,
		107
	]
}