{
	"randompalettes": [
		[ { "factor": 1.0, "palette": "common" } ],
		[ { "factor": 1.0, "palette": "default" } ],
		[ { "factor": 1.0, "palette": "bricks_standard" }, { "factor": 1.0, "palette": "bricks_cyan" }, { "factor": 1.0, "palette": "bricks_gray" }, { "factor": 1.0, "palette": "bricks_silver" } ],
		[ { "factor": 1.0, "palette": "glass_full" }, { "factor": 1.0, "palette": "glass_pane" }, { "factor": 1.0, "palette": "glass_full_white" }, { "factor": 1.0, "palette": "glass_pane_white" }, { "factor": 1.0, "palette": "glass_full_blue" }, { "factor": 1.0, "palette": "glass_pane_blue" }, { "factor": 1.0, "palette": "glass_full_light_blue" }, { "factor": 1.0, "palette": "glass_pane_light_blue" }, { "factor": 1.0, "palette": "glass_full_gray" }, { "factor": 1.0, "palette": "glass_pane_gray" } ],
		[ { "factor": 1.0, "palette": "glass_side_variant_glass" }, { "factor": 1.0, "palette": "glass_side_variant_glass" }, { "factor": 1.0, "palette": "glass_side_variant_bricks" }, { "factor": 1.0, "palette": "glass_side_variant_quartz" } ]
	]
}