{
	"values": [
		{
			"factor": 8.0,
			"range": "4,100",
			"value": "lostcities:chests/lostcitychest"
		},
		{
			"factor": 8.0,
			"range": "-100,-3",
			"value": "lostcities:chests/lostcitychest"
		},
		{
			"factor": 20.0,
			"inpart": "rail_dungeon1",
			"value": "lostcities:chests/raildungeonchest"
		},
		{
			"factor": 20.0,
			"inpart": "rail_dungeon2",
			"value": "lostcities:chests/raildungeonchest"
		},
		{
			"factor": 1.0,
			"value": "minecraft:chests/buried_treasure"
		},
		{
			"factor": 1.0,
			"value": "minecraft:chests/desert_pyramid"
		},
		{
			"factor": 1.0,
			"value": "minecraft:chests/end_city_treasure"
		},
		{
			"factor": 1.0,
			"value": "minecraft:chests/igloo_chest"
		},
		{
			"factor": 1.0,
			"value": "minecraft:chests/jungle_temple"
		},
		{
			"factor": 1.0,
			"value": "minecraft:chests/jungle_temple_dispenser"
		},
		{
			"factor": 1.0,
			"value": "minecraft:chests/pillager_outpost"
		},
		{
			"factor": 1.0,
			"value": "minecraft:chests/shipwreck_supply"
		},
		{
			"factor": 1.0,
			"value": "minecraft:chests/shipwreck_treasure"
		},
		{
			"factor": 30.0,
			"value": "minecraft:chests/simple_dungeon"
		},
		{
			"factor": 1.0,
			"value": "minecraft:chests/spawn_bonus_chest"
		},
		{
			"factor": 1.0,
			"value": "minecraft:chests/stronghold_corridor"
		},
		{
			"factor": 1.0,
			"value": "minecraft:chests/stronghold_crossing"
		},
		{
			"factor": 1.0,
			"value": "minecraft:chests/stronghold_library"
		},
		{
			"factor": 1.0,
			"value": "minecraft:chests/underwater_ruin_big"
		},
		{
			"factor": 1.0,
			"value": "minecraft:chests/underwater_ruin_small"
		},
		{
			"factor": 1.0,
			"value": "minecraft:chests/woodland_mansion"
		},
		{
			"factor": 1.0,
			"value": "minecraft:chests/village/village_armorer"
		},
		{
			"factor": 1.0,
			"value": "minecraft:chests/village/village_butcher"
		},
		{
			"factor": 1.0,
			"value": "minecraft:chests/village/village_cartographer"
		},
		{
			"factor": 1.0,
			"value": "minecraft:chests/village/village_desert_house"
		},
		{
			"factor": 1.0,
			"value": "minecraft:chests/village/village_fisher"
		},
		{
			"factor": 1.0,
			"value": "minecraft:chests/village/village_fletcher"
		},
		{
			"factor": 1.0,
			"value": "minecraft:chests/village/village_mason"
		},
		{
			"factor": 1.0,
			"value": "minecraft:chests/village/village_plains_house"
		},
		{
			"factor": 1.0,
			"value": "minecraft:chests/village/village_savanna_house"
		},
		{
			"factor": 1.0,
			"value": "minecraft:chests/village/village_shepherd"
		},
		{
			"factor": 1.0,
			"value": "minecraft:chests/village/village_snowy_house"
		},
		{
			"factor": 1.0,
			"value": "minecraft:chests/village/village_taiga_house"
		},
		{
			"factor": 1.0,
			"value": "minecraft:chests/village/village_tannery"
		},
		{
			"factor": 1.0,
			"value": "minecraft:chests/village/village_temple"
		},
		{
			"factor": 1.0,
			"value": "minecraft:chests/village/village_toolsmith"
		},
		{
			"factor": 1.0,
			"value": "minecraft:chests/village/village_weaponsmith"
		}
	]
}