{
	"carvers": {
		"air": "minecraft:nether_cave"
	},
	"downfall": 0.0,
	"effects": {
		"additions_sound": {
			"sound": "minecraft:ambient.basalt_deltas.additions",
			"tick_chance": 0.0111
		},
		"ambient_sound": "minecraft:ambient.basalt_deltas.loop",
		"fog_color": 6840176,
		"mood_sound": {
			"block_search_extent": 8,
			"offset": 2.0,
			"sound": "minecraft:ambient.basalt_deltas.mood",
			"tick_delay": 6000
		},
		"music": {
			"max_delay": 24000,
			"min_delay": 12000,
			"replace_current_music": false,
			"sound": "minecraft:music.nether.basalt_deltas"
		},
		"particle": {
			"options": {
				"type": "minecraft:white_ash"
			},
			"probability": 0.1180933341383934
		},
		"sky_color": 7254527,
		"water_color": 4159204,
		"water_fog_color": 329011
	},
	"features": [
		[],
		[],
		[],
		[],
		[ "minecraft:delta", "minecraft:small_basalt_columns", "minecraft:large_basalt_columns" ],
		[],
		[],
		[ "minecraft:basalt_blobs", "minecraft:blackstone_blobs", "minecraft:spring_delta", "minecraft:patch_fire", "minecraft:patch_soul_fire", "minecraft:glowstone_extra", "minecraft:glowstone", "minecraft:brown_mushroom_nether", "minecraft:red_mushroom_nether", "minecraft:ore_magma", "minecraft:spring_closed_double", "minecraft:ore_gold_deltas", "minecraft:ore_quartz_deltas", "minecraft:ore_ancient_debris_large", "minecraft:ore_debris_small" ]
	],
	"precipitation": "none",
	"spawn_costs": { },
	"spawners": {
		"ambient": [],
		"axolotls": [],
		"creature": [
			{
				"maxCount": 2,
				"minCount": 1,
				"type": "minecraft:strider",
				"weight": 60
			}
		],
		"misc": [],
		"monster": [
			{
				"maxCount": 1,
				"minCount": 1,
				"type": "minecraft:ghast",
				"weight": 40
			},
			{
				"maxCount": 5,
				"minCount": 2,
				"type": "minecraft:magma_cube",
				"weight": 100
			}
		],
		"underground_water_creature": [],
		"water_ambient": [],
		"water_creature": []
	},
	"temperature": 2.0
}