{
	"carvers": {
		"air": "minecraft:nether_cave"
	},
	"downfall": 0.0,
	"effects": {
		"additions_sound": {
			"sound": "minecraft:ambient.nether_wastes.additions",
			"tick_chance": 0.0111
		},
		"ambient_sound": "minecraft:ambient.nether_wastes.loop",
		"fog_color": 3344392,
		"mood_sound": {
			"block_search_extent": 8,
			"offset": 2.0,
			"sound": "minecraft:ambient.nether_wastes.mood",
			"tick_delay": 6000
		},
		"music": {
			"max_delay": 24000,
			"min_delay": 12000,
			"replace_current_music": false,
			"sound": "minecraft:music.nether.nether_wastes"
		},
		"sky_color": 7254527,
		"water_color": 4159204,
		"water_fog_color": 329011
	},
	"features": [
		[],
		[],
		[],
		[],
		[],
		[],
		[],
		[ "minecraft:spring_open", "minecraft:patch_fire", "minecraft:patch_soul_fire", "minecraft:glowstone_extra", "minecraft:glowstone", "minecraft:brown_mushroom_nether", "minecraft:red_mushroom_nether", "minecraft:ore_magma", "minecraft:spring_closed", "minecraft:ore_gravel_nether", "minecraft:ore_blackstone", "minecraft:ore_gold_nether", "minecraft:ore_quartz_nether", "minecraft:ore_ancient_debris_large", "minecraft:ore_debris_small" ],
		[],
		[ "minecraft:spring_lava", "minecraft:brown_mushroom_normal", "minecraft:red_mushroom_normal" ]
	],
	"precipitation": "none",
	"spawn_costs": { },
	"spawners": {
		"ambient": [],
		"axolotls": [],
		"creature": [
			{
				"maxCount": 2,
				"minCount": 1,
				"type": "minecraft:strider",
				"weight": 60
			}
		],
		"misc": [],
		"monster": [
			{
				"maxCount": 4,
				"minCount": 4,
				"type": "minecraft:ghast",
				"weight": 50
			},
			{
				"maxCount": 4,
				"minCount": 4,
				"type": "minecraft:zombified_piglin",
				"weight": 100
			},
			{
				"maxCount": 4,
				"minCount": 4,
				"type": "minecraft:magma_cube",
				"weight": 2
			},
			{
				"maxCount": 4,
				"minCount": 4,
				"type": "minecraft:enderman",
				"weight": 1
			},
			{
				"maxCount": 4,
				"minCount": 4,
				"type": "minecraft:piglin",
				"weight": 15
			}
		],
		"underground_water_creature": [],
		"water_ambient": [],
		"water_creature": []
	},
	"temperature": 2.0
}