{
	"carvers": { },
	"downfall": 0.5,
	"effects": {
		"fog_color": 10518688,
		"mood_sound": {
			"block_search_extent": 8,
			"offset": 2.0,
			"sound": "minecraft:ambient.cave",
			"tick_delay": 6000
		},
		"sky_color": 0,
		"water_color": 4159204,
		"water_fog_color": 329011
	},
	"features": [
		[ "minecraft:end_island_decorated" ]
	],
	"precipitation": "none",
	"spawn_costs": { },
	"spawners": {
		"ambient": [],
		"axolotls": [],
		"creature": [],
		"misc": [],
		"monster": [
			{
				"maxCount": 4,
				"minCount": 4,
				"type": "minecraft:enderman",
				"weight": 10
			}
		],
		"underground_water_creature": [],
		"water_ambient": [],
		"water_creature": []
	},
	"temperature": 0.5
}