{
	"carvers": {
		"air": "minecraft:nether_cave"
	},
	"downfall": 0.0,
	"effects": {
		"additions_sound": {
			"sound": "minecraft:ambient.soul_sand_valley.additions",
			"tick_chance": 0.0111
		},
		"ambient_sound": "minecraft:ambient.soul_sand_valley.loop",
		"fog_color": 1787717,
		"mood_sound": {
			"block_search_extent": 8,
			"offset": 2.0,
			"sound": "minecraft:ambient.soul_sand_valley.mood",
			"tick_delay": 6000
		},
		"music": {
			"max_delay": 24000,
			"min_delay": 12000,
			"replace_current_music": false,
			"sound": "minecraft:music.nether.soul_sand_valley"
		},
		"particle": {
			"options": {
				"type": "minecraft:ash"
			},
			"probability": 0.0062500000931322575
		},
		"sky_color": 7254527,
		"water_color": 4159204,
		"water_fog_color": 329011
	},
	"features": [
		[],
		[],
		[ "minecraft:basalt_pillar" ],
		[],
		[],
		[],
		[],
		[ "minecraft:spring_open", "minecraft:patch_fire", "minecraft:patch_soul_fire", "minecraft:glowstone_extra", "minecraft:glowstone", "minecraft:patch_crimson_roots", "minecraft:ore_magma", "minecraft:spring_closed", "minecraft:ore_soul_sand", "minecraft:ore_gravel_nether", "minecraft:ore_blackstone", "minecraft:ore_gold_nether", "minecraft:ore_quartz_nether", "minecraft:ore_ancient_debris_large", "minecraft:ore_debris_small" ],
		[],
		[ "minecraft:spring_lava" ]
	],
	"precipitation": "none",
	"spawn_costs": {
		"minecraft:enderman": {
			"charge": 0.7,
			"energy_budget": 0.15
		},
		"minecraft:ghast": {
			"charge": 0.7,
			"energy_budget": 0.15
		},
		"minecraft:skeleton": {
			"charge": 0.7,
			"energy_budget": 0.15
		},
		"minecraft:strider": {
			"charge": 0.7,
			"energy_budget": 0.15
		}
	},
	"spawners": {
		"ambient": [],
		"axolotls": [],
		"creature": [
			{
				"maxCount": 2,
				"minCount": 1,
				"type": "minecraft:strider",
				"weight": 60
			}
		],
		"misc": [],
		"monster": [
			{
				"maxCount": 5,
				"minCount": 5,
				"type": "minecraft:skeleton",
				"weight": 20
			},
			{
				"maxCount": 4,
				"minCount": 4,
				"type": "minecraft:ghast",
				"weight": 50
			},
			{
				"maxCount": 4,
				"minCount": 4,
				"type": "minecraft:enderman",
				"weight": 1
			}
		],
		"underground_water_creature": [],
		"water_ambient": [],
		"water_creature": []
	},
	"temperature": 2.0
}