{
	"carvers": { },
	"downfall": 0.5,
	"effects": {
		"fog_color": 12638463,
		"mood_sound": {
			"block_search_extent": 8,
			"offset": 2.0,
			"sound": "minecraft:ambient.cave",
			"tick_delay": 6000
		},
		"sky_color": 8103167,
		"water_color": 4159204,
		"water_fog_color": 329011
	},
	"features": [
		[],
		[],
		[],
		[],
		[],
		[],
		[],
		[],
		[],
		[],
		[ "minecraft:void_start_platform" ]
	],
	"precipitation": "none",
	"spawn_costs": { },
	"spawners": {
		"ambient": [],
		"axolotls": [],
		"creature": [],
		"misc": [],
		"monster": [],
		"underground_water_creature": [],
		"water_ambient": [],
		"water_creature": []
	},
	"temperature": 0.5
}