{
	"config": {
		"debug_settings": {
			"air_state": {
				"Name": "minecraft:crimson_button",
				"Properties": {
					"face": "wall",
					"facing": "north",
					"powered": "false"
				}
			},
			"barrier_state": {
				"Name": "minecraft:glass"
			},
			"lava_state": {
				"Name": "minecraft:orange_stained_glass"
			},
			"water_state": {
				"Name": "minecraft:candle",
				"Properties": {
					"candles": "1",
					"lit": "false",
					"waterlogged": "false"
				}
			}
		},
		"floor_level": {
			"type": "minecraft:uniform",
			"value": {
				"max_exclusive": -0.4000000059604645,
				"min_inclusive": -1.0
			}
		},
		"horizontal_radius_multiplier": {
			"type": "minecraft:uniform",
			"value": {
				"max_exclusive": 1.399999976158142,
				"min_inclusive": 0.699999988079071
			}
		},
		"lava_level": {
			"above_bottom": 8
		},
		"probability": 0.15000000596046448,
		"replaceable": "#minecraft:overworld_carver_replaceables",
		"vertical_radius_multiplier": {
			"type": "minecraft:uniform",
			"value": {
				"max_exclusive": 1.2999999523162842,
				"min_inclusive": 0.800000011920929
			}
		},
		"y": {
			"max_inclusive": {
				"absolute": 180
			},
			"min_inclusive": {
				"above_bottom": 8
			},
			"type": "minecraft:uniform"
		},
		"yScale": {
			"type": "minecraft:uniform",
			"value": {
				"max_exclusive": 0.8999999761581421,
				"min_inclusive": 0.10000000149011612
			}
		}
	},
	"type": "minecraft:cave"
}