{
	"credit": "Model by MrCrayfish (https://twitter.com/MrCraayfish) using Blockbench",
	"texture_size": [128, 128],
	"textures": {
		"1": "cgm:items/long_scope",
		"2": "cgm:effect/long_scope_reticle",
		"particle": "cgm:items/long_scope"
	},
	"elements": [
		{
			"from": [7.526, 7.9353, 9.00028],
			"to": [8.474, 8.7353, 9.40028],
			"rotation": {"angle": 22.5, "axis": "x", "origin": [8, 8.7853, 9.40028]},
			"faces": {
				"east": {"uv": [9, 9, 10, 11], "texture": "#1", "tintindex": 0},
				"south": {"uv": [10, 9, 12, 11], "texture": "#1", "tintindex": 0},
				"west": {"uv": [10, 9, 9, 11], "texture": "#1", "tintindex": 0}
			}
		},
		{
			"from": [7.526, 7.9353, 6.59972],
			"to": [8.474, 8.7353, 6.99972],
			"rotation": {"angle": -22.5, "axis": "x", "origin": [8, 8.7853, 6.59972]},
			"faces": {
				"north": {"uv": [2, 9, 0, 11], "texture": "#1", "tintindex": 0},
				"east": {"uv": [3, 9, 2, 11], "texture": "#1", "tintindex": 0},
				"west": {"uv": [2, 9, 3, 11], "texture": "#1", "tintindex": 0}
			}
		},
		{
			"from": [7.525, 8, 6.925],
			"to": [8.475, 8.8, 9.075],
			"faces": {
				"east": {"uv": [3, 9, 9, 11], "texture": "#1", "tintindex": 0},
				"west": {"uv": [9, 9, 3, 11], "texture": "#1", "tintindex": 0},
				"down": {"uv": [9, 11, 3, 13], "texture": "#1", "tintindex": 0}
			}
		},
		{
			"from": [7.4, 8.8, 8],
			"to": [8.6, 10, 8],
			"faces": {
				"south": {"uv": [0, 0, 15.875, 15.875], "texture": "#2"}
			}
		},
		{
			"from": [7.975, 9.375, 8.005],
			"to": [8.025, 9.425, 8.005],
			"faces": {
				"south": {"uv": [15.375, 15.375, 16, 16], "texture": "#2", "tintindex": 2, "emissivity": 6}
			}
		},
		{
			"from": [7.25009, 9.01854, 4.5],
			"to": [7.40009, 9.78129, 11.25],
			"faces": {
				"east": {"uv": [0, 13, 14, 15], "texture": "#1", "tintindex": 0},
				"west": {"uv": [0, 4, 14, 6], "texture": "#1", "tintindex": 0}
			}
		},
		{
			"from": [7.71871, 10.09991, 4.501],
			"to": [8.23991, 10.24991, 11.249],
			"rotation": {"angle": 45, "axis": "z", "origin": [8.05009, 9.44991, 8]},
			"faces": {
				"up": {"uv": [0, 3, 14, 4], "rotation": 90, "texture": "#1", "tintindex": 0},
				"down": {"uv": [0, 13, 14, 15], "rotation": 90, "texture": "#1", "tintindex": 0}
			}
		},
		{
			"from": [7.61863, 9.99983, 4.5],
			"to": [8.38137, 10.14983, 11.25],
			"rotation": {"angle": 0, "axis": "z", "origin": [8.05, 10.74983, 8]},
			"faces": {
				"up": {"uv": [0, 0, 14, 2], "rotation": 90, "texture": "#1", "tintindex": 0},
				"down": {"uv": [0, 13, 14, 15], "rotation": 90, "texture": "#1", "tintindex": 0}
			}
		},
		{
			"from": [7.15, 9.11863, 4.501],
			"to": [7.3, 9.63983, 11.249],
			"rotation": {"angle": 45, "axis": "z", "origin": [7.95, 9.45, 8]},
			"faces": {
				"east": {"uv": [0, 13, 14, 15], "texture": "#1", "tintindex": 0},
				"west": {"uv": [0, 6, 14, 7], "texture": "#1", "tintindex": 0}
			}
		},
		{
			"from": [7.61863, 8.65, 4.5],
			"to": [8.38137, 8.8, 11.25],
			"rotation": {"angle": 0, "axis": "z", "origin": [8, 9, 8]},
			"faces": {
				"up": {"uv": [0, 13, 14, 15], "rotation": 270, "texture": "#1", "tintindex": 0},
				"down": {"uv": [14, 7, 0, 9], "rotation": 90, "texture": "#1", "tintindex": 0}
			}
		},
		{
			"from": [8.7, 9.11863, 4.501],
			"to": [8.85, 9.63983, 11.249],
			"rotation": {"angle": -45, "axis": "z", "origin": [8.05, 9.45, 8]},
			"faces": {
				"east": {"uv": [14, 6, 0, 7], "texture": "#1", "tintindex": 0},
				"west": {"uv": [14, 13, 0, 15], "texture": "#1", "tintindex": 0}
			}
		},
		{
			"from": [8.59991, 9.01854, 4.5],
			"to": [8.74991, 9.78129, 11.25],
			"rotation": {"angle": 0, "axis": "z", "origin": [7.94991, 9.44991, 8]},
			"faces": {
				"east": {"uv": [14, 4, 0, 6], "texture": "#1", "tintindex": 0},
				"west": {"uv": [14, 13, 0, 15], "texture": "#1", "tintindex": 0}
			}
		},
		{
			"from": [7.76009, 10.10991, 4.501],
			"to": [8.28129, 10.24991, 11.249],
			"rotation": {"angle": -45, "axis": "z", "origin": [7.94991, 9.44991, 8]},
			"faces": {
				"up": {"uv": [0, 4, 14, 3], "rotation": 90, "texture": "#1", "tintindex": 0},
				"down": {"uv": [14, 13, 0, 15], "rotation": 270, "texture": "#1", "tintindex": 0}
			}
		},
		{
			"from": [6.749, 9.24467, 7.675],
			"to": [7.149, 9.55533, 8.425],
			"rotation": {"angle": 0, "axis": "y", "origin": [6.65, 9.4, 8.05]},
			"faces": {
				"north": {"uv": [0, 12, 1, 11], "rotation": 270, "texture": "#1"},
				"east": {"uv": [0, 12, 1, 11], "rotation": 90, "texture": "#1"},
				"south": {"uv": [0, 12, 1, 11], "rotation": 90, "texture": "#1"},
				"west": {"uv": [0, 12, 1, 11], "rotation": 90, "texture": "#1"}
			}
		},
		{
			"from": [6.75, 9.025, 7.89467],
			"to": [7.15, 9.775, 8.20533],
			"rotation": {"angle": 0, "axis": "y", "origin": [6.65, 9.4, 8.05]},
			"faces": {
				"east": {"uv": [0, 12, 1, 11], "rotation": 90, "texture": "#1"},
				"west": {"uv": [0, 12, 1, 11], "rotation": 90, "texture": "#1"},
				"up": {"uv": [0, 12, 1, 11], "rotation": 90, "texture": "#1"},
				"down": {"uv": [0, 12, 1, 11], "rotation": 90, "texture": "#1"}
			}
		},
		{
			"from": [6.751, 9.025, 7.89467],
			"to": [7.149, 9.775, 8.20533],
			"rotation": {"angle": 45, "axis": "x", "origin": [6.65, 9.4, 8.05]},
			"faces": {
				"east": {"uv": [0, 12, 1, 11], "rotation": 90, "texture": "#1"},
				"west": {"uv": [0, 12, 1, 11], "rotation": 90, "texture": "#1"},
				"up": {"uv": [0, 12, 1, 11], "rotation": 90, "texture": "#1"},
				"down": {"uv": [0, 12, 1, 11], "rotation": 90, "texture": "#1"}
			}
		},
		{
			"from": [6.751, 9.24467, 7.675],
			"to": [7.149, 9.55533, 8.425],
			"rotation": {"angle": 45, "axis": "x", "origin": [6.65, 9.4, 8.05]},
			"faces": {
				"north": {"uv": [0, 12, 1, 11], "rotation": 270, "texture": "#1"},
				"east": {"uv": [0, 12, 1, 11], "rotation": 90, "texture": "#1"},
				"south": {"uv": [0, 12, 1, 11], "rotation": 90, "texture": "#1"},
				"west": {"uv": [0, 12, 1, 11], "rotation": 90, "texture": "#1"}
			}
		},
		{
			"from": [7.15, 9.19289, 7.85],
			"to": [7.25, 9.60711, 8.25],
			"rotation": {"angle": 0, "axis": "y", "origin": [9.45, 9.4, 9.15]},
			"faces": {
				"north": {"uv": [1, 12, 2, 11], "rotation": 270, "texture": "#1"},
				"south": {"uv": [1, 12, 2, 11], "rotation": 90, "texture": "#1"},
				"up": {"uv": [1, 12, 2, 11], "rotation": 90, "texture": "#1"},
				"down": {"uv": [1, 12, 2, 11], "rotation": 90, "texture": "#1"}
			}
		},
		{
			"from": [7.79289, 10.25, 7.5],
			"to": [8.20711, 10.649, 8.5],
			"rotation": {"angle": 45, "axis": "y", "origin": [8, 7.95, 8]},
			"faces": {
				"north": {"uv": [0, 11, 1, 12], "texture": "#1"},
				"south": {"uv": [0, 11, 1, 12], "texture": "#1"},
				"up": {"uv": [0, 11, 1, 12], "texture": "#1"},
				"down": {"uv": [0, 11, 1, 12], "texture": "#1"}
			}
		},
		{
			"from": [7.79289, 10.25, 7.5],
			"to": [8.20711, 10.651, 8.5],
			"rotation": {"angle": 0, "axis": "y", "origin": [8, 7.95, 8]},
			"faces": {
				"north": {"uv": [0, 11, 1, 12], "texture": "#1"},
				"south": {"uv": [0, 11, 1, 12], "texture": "#1"},
				"up": {"uv": [0, 11, 1, 12], "texture": "#1"},
				"down": {"uv": [0, 11, 1, 12], "texture": "#1"}
			}
		},
		{
			"from": [7.5, 10.25, 7.79289],
			"to": [8.5, 10.649, 8.20711],
			"rotation": {"angle": 45, "axis": "y", "origin": [8, 7.95, 8]},
			"faces": {
				"east": {"uv": [0, 11, 1, 12], "texture": "#1"},
				"west": {"uv": [0, 11, 1, 12], "texture": "#1"},
				"up": {"uv": [0, 11, 1, 12], "texture": "#1"},
				"down": {"uv": [0, 11, 1, 12], "texture": "#1"}
			}
		},
		{
			"from": [7.5, 10.25, 7.79289],
			"to": [8.5, 10.65, 8.20711],
			"rotation": {"angle": 0, "axis": "y", "origin": [8, 7.95, 8]},
			"faces": {
				"east": {"uv": [0, 11, 1, 12], "texture": "#1"},
				"west": {"uv": [0, 11, 1, 12], "texture": "#1"},
				"up": {"uv": [0, 11, 1, 12], "texture": "#1"},
				"down": {"uv": [0, 11, 1, 12], "texture": "#1"}
			}
		},
		{
			"from": [7.79289, 10.15, 7.8],
			"to": [8.20711, 10.25, 8.2],
			"rotation": {"angle": 0, "axis": "y", "origin": [8, 7.95, 8]},
			"faces": {
				"north": {"uv": [1, 11, 2, 12], "texture": "#1"},
				"east": {"uv": [1, 11, 2, 12], "texture": "#1"},
				"south": {"uv": [1, 11, 2, 12], "texture": "#1"},
				"west": {"uv": [1, 11, 2, 12], "texture": "#1"}
			}
		},
		{
			"from": [7.10009, 8.95854, 4.5],
			"to": [7.40009, 9.84129, 6.43],
			"rotation": {"angle": 0, "axis": "y", "origin": [0, 0, -0.5]},
			"faces": {
				"north": {"uv": [0, 0, 1, 1], "texture": "#1", "tintindex": 0},
				"south": {"uv": [0, 0, 1, 1], "texture": "#1", "tintindex": 0},
				"west": {"uv": [0, 4, 4, 6], "texture": "#1", "tintindex": 0}
			}
		},
		{
			"from": [7.655, 10.1, 4.501],
			"to": [8.305, 10.398, 6.429],
			"rotation": {"angle": 45, "axis": "z", "origin": [8.05009, 9.44991, 7.5]},
			"faces": {
				"north": {"uv": [0, 0, 1, 1], "texture": "#1", "tintindex": 0},
				"south": {"uv": [0, 0, 1, 1], "texture": "#1", "tintindex": 0},
				"up": {"uv": [0, 3, 4, 4], "rotation": 90, "texture": "#1", "tintindex": 0}
			}
		},
		{
			"from": [7.55863, 9.99983, 4.5],
			"to": [8.44137, 10.29983, 6.43],
			"rotation": {"angle": 0, "axis": "z", "origin": [8.05, 10.74983, 7.5]},
			"faces": {
				"north": {"uv": [0, 0, 1, 1], "texture": "#1", "tintindex": 0},
				"south": {"uv": [0, 0, 1, 1], "texture": "#1", "tintindex": 0},
				"up": {"uv": [0, 0, 4, 2], "rotation": 90, "texture": "#1", "tintindex": 0}
			}
		},
		{
			"from": [7.002, 9.0536, 4.501],
			"to": [7.3, 9.7036, 6.429],
			"rotation": {"angle": 45, "axis": "z", "origin": [7.95, 9.45, 7.5]},
			"faces": {
				"north": {"uv": [0, 0, 1, 1], "texture": "#1", "tintindex": 0},
				"south": {"uv": [0, 0, 1, 1], "texture": "#1", "tintindex": 0},
				"west": {"uv": [0, 6, 4, 7], "texture": "#1", "tintindex": 0}
			}
		},
		{
			"from": [7.55863, 8.5, 4.5],
			"to": [8.44137, 8.8, 6.43],
			"rotation": {"angle": 0, "axis": "z", "origin": [8, 9, 7.5]},
			"faces": {
				"north": {"uv": [0, 0, 1, 1], "texture": "#1", "tintindex": 0},
				"south": {"uv": [0, 0, 1, 1], "texture": "#1", "tintindex": 0},
				"down": {"uv": [4, 7, 0, 9], "rotation": 90, "texture": "#1", "tintindex": 0}
			}
		},
		{
			"from": [8.7, 9.053, 4.501],
			"to": [8.998, 9.703, 6.429],
			"rotation": {"angle": -45, "axis": "z", "origin": [8.05, 9.45, 7.5]},
			"faces": {
				"north": {"uv": [1, 0, 0, 1], "texture": "#1", "tintindex": 0},
				"east": {"uv": [4, 6, 0, 7], "texture": "#1", "tintindex": 0},
				"south": {"uv": [1, 0, 0, 1], "texture": "#1", "tintindex": 0}
			}
		},
		{
			"from": [8.59991, 8.95854, 4.5],
			"to": [8.89991, 9.84129, 6.43],
			"rotation": {"angle": 0, "axis": "z", "origin": [7.94991, 9.44991, 7.5]},
			"faces": {
				"north": {"uv": [1, 0, 0, 1], "texture": "#1", "tintindex": 0},
				"east": {"uv": [4, 4, 0, 6], "texture": "#1", "tintindex": 0},
				"south": {"uv": [1, 0, 0, 1], "texture": "#1", "tintindex": 0}
			}
		},
		{
			"from": [7.697, 10.11, 4.501],
			"to": [8.347, 10.398, 6.429],
			"rotation": {"angle": -45, "axis": "z", "origin": [7.94991, 9.44991, 7.5]},
			"faces": {
				"north": {"uv": [1, 0, 0, 1], "texture": "#1", "tintindex": 0},
				"south": {"uv": [1, 0, 0, 1], "texture": "#1", "tintindex": 0},
				"up": {"uv": [0, 4, 4, 3], "rotation": 90, "texture": "#1", "tintindex": 0}
			}
		},
		{
			"from": [7.15009, 8.97854, 9.57],
			"to": [7.40009, 9.82129, 11.25],
			"rotation": {"angle": 0, "axis": "y", "origin": [0, 0, 4.07]},
			"faces": {
				"north": {"uv": [0, 0, 1, 1], "texture": "#1", "tintindex": 0},
				"south": {"uv": [0, 0, 1, 1], "texture": "#1", "tintindex": 0},
				"west": {"uv": [10, 4, 14, 6], "texture": "#1", "tintindex": 0}
			}
		},
		{
			"from": [7.67871, 10.09991, 9.571],
			"to": [8.27991, 10.34991, 11.249],
			"rotation": {"angle": 45, "axis": "z", "origin": [8.05009, 9.44991, 12.07]},
			"faces": {
				"north": {"uv": [0, 0, 1, 1], "texture": "#1", "tintindex": 0},
				"south": {"uv": [0, 0, 1, 1], "texture": "#1", "tintindex": 0},
				"up": {"uv": [10, 3, 14, 4], "rotation": 90, "texture": "#1", "tintindex": 0}
			}
		},
		{
			"from": [7.57863, 9.99983, 9.57],
			"to": [8.42137, 10.24983, 11.25],
			"rotation": {"angle": 0, "axis": "z", "origin": [8.05, 10.74983, 12.07]},
			"faces": {
				"north": {"uv": [0, 0, 1, 1], "texture": "#1", "tintindex": 0},
				"south": {"uv": [0, 0, 1, 1], "texture": "#1", "tintindex": 0},
				"up": {"uv": [10, 0, 14, 2], "rotation": 90, "texture": "#1", "tintindex": 0}
			}
		},
		{
			"from": [7.05, 9.07863, 9.571],
			"to": [7.3, 9.67983, 11.249],
			"rotation": {"angle": 45, "axis": "z", "origin": [7.95, 9.45, 12.07]},
			"faces": {
				"north": {"uv": [0, 0, 1, 1], "texture": "#1", "tintindex": 0},
				"south": {"uv": [0, 0, 1, 1], "texture": "#1", "tintindex": 0},
				"west": {"uv": [10, 6, 14, 7], "texture": "#1", "tintindex": 0}
			}
		},
		{
			"from": [7.57863, 8.55, 9.57],
			"to": [8.42137, 8.8, 11.25],
			"rotation": {"angle": 0, "axis": "z", "origin": [8, 9, 12.07]},
			"faces": {
				"north": {"uv": [0, 0, 1, 1], "texture": "#1", "tintindex": 0},
				"south": {"uv": [0, 0, 1, 1], "texture": "#1", "tintindex": 0},
				"down": {"uv": [14, 7, 10, 9], "rotation": 90, "texture": "#1", "tintindex": 0}
			}
		},
		{
			"from": [8.7, 9.07863, 9.571],
			"to": [8.95, 9.67983, 11.249],
			"rotation": {"angle": -45, "axis": "z", "origin": [8.05, 9.45, 12.07]},
			"faces": {
				"north": {"uv": [1, 0, 0, 1], "texture": "#1", "tintindex": 0},
				"east": {"uv": [14, 6, 10, 7], "texture": "#1", "tintindex": 0},
				"south": {"uv": [1, 0, 0, 1], "texture": "#1", "tintindex": 0}
			}
		},
		{
			"from": [8.59991, 8.97854, 9.57],
			"to": [8.84991, 9.82129, 11.25],
			"rotation": {"angle": 0, "axis": "z", "origin": [7.94991, 9.44991, 12.07]},
			"faces": {
				"north": {"uv": [1, 0, 0, 1], "texture": "#1", "tintindex": 0},
				"east": {"uv": [14, 4, 10, 6], "texture": "#1", "tintindex": 0},
				"south": {"uv": [1, 0, 0, 1], "texture": "#1", "tintindex": 0}
			}
		},
		{
			"from": [7.72009, 10.10991, 9.571],
			"to": [8.32129, 10.34991, 11.249],
			"rotation": {"angle": -45, "axis": "z", "origin": [7.94991, 9.44991, 12.07]},
			"faces": {
				"north": {"uv": [1, 0, 0, 1], "texture": "#1", "tintindex": 0},
				"south": {"uv": [1, 0, 0, 1], "texture": "#1", "tintindex": 0},
				"up": {"uv": [10, 4, 14, 3], "rotation": 90, "texture": "#1", "tintindex": 0}
			}
		}
	],
	"display": {
		"thirdperson_righthand": {
			"translation": [0, -0.5, 0],
			"scale": [1.5, 1.5, 1.5]
		},
		"firstperson_righthand": {
			"rotation": [-41, 0, 0],
			"translation": [-4.25, 4.25, 6.5]
		},
		"ground": {
			"translation": [0, -3, 0],
			"scale": [1.5, 1.5, 1.5]
		},
		"gui": {
			"rotation": [30, 225, 0],
			"translation": [0, -3, 0],
			"scale": [2.5, 2.5, 2.5]
		},
		"fixed": {
			"rotation": [0, 90, 0],
			"translation": [-0.25, -3.5, -2.5],
			"scale": [3, 3, 3]
		}
	},
	"groups": [
		0,
		1,
		2,
		3,
		4,
		{
			"name": "scope_core",
			"origin": [7.94991, 9.44991, 8],
			"color": 0,
			"children": [5, 6, 7, 8, 9, 10, 11, 12]
		},
		{
			"name": "side_adjuster",
			"origin": [9.45, 9.4, 9.25],
			"color": 0,
			"children": [13, 14, 15, 16, 17]
		},
		{
			"name": "top_adjuster",
			"origin": [8, 7.95, 8.1],
			"color": 0,
			"children": [18, 19, 20, 21, 22]
		},
		{
			"name": "scope_front",
			"origin": [7.94991, 9.44991, 8],
			"color": 0,
			"children": [23, 24, 25, 26, 27, 28, 29, 30]
		},
		{
			"name": "scope_back",
			"origin": [7.94991, 9.44991, 8],
			"color": 0,
			"children": [31, 32, 33, 34, 35, 36, 37, 38]
		}
	]
}