{
	"credit": "Made with Blockbench",
	"texture_size": [32, 32],
	"textures": {
		"1": "cgm:items/long_scope",
		"2": "cgm:items/medium_scope",
		"3": "cgm:effect/acog_reticle",
		"particle": "cgm:items/long_scope"
	},
	"elements": [
		{
			"from": [7.525, 8, 6.355],
			"to": [8.475, 9.02, 8.355],
			"rotation": {"angle": 0, "axis": "y", "origin": [0, 0.22, -0.62]},
			"faces": {
				"north": {"uv": [7, 11, 5, 13], "texture": "#1", "tintindex": 0},
				"east": {"uv": [3, 9, 9, 11], "texture": "#1", "tintindex": 0},
				"south": {"uv": [7, 11, 5, 13], "texture": "#1", "tintindex": 0},
				"west": {"uv": [9, 9, 3, 11], "texture": "#1", "tintindex": 0},
				"down": {"uv": [9, 11, 3, 13], "texture": "#1", "tintindex": 0}
			}
		},
		{
			"name": "reticle",
			"from": [7.575, 9.195, 8.135],
			"to": [8.425, 10.045, 8.135],
			"rotation": {"angle": 0, "axis": "y", "origin": [0, 0.22, 0.13]},
			"faces": {
				"south": {"uv": [0, 0, 15.5, 15.5], "texture": "#3", "tintindex": 2, "emissivity": 14}
			}
		},
		{
			"from": [8.65, 9.33863, 7.631],
			"to": [8.85, 9.85983, 9.629],
			"rotation": {"angle": -45, "axis": "z", "origin": [8.05, 9.67, 8.13]},
			"faces": {
				"north": {"uv": [7, 13, 6, 14], "texture": "#1", "tintindex": 0},
				"east": {"uv": [8, 5, 3, 6], "texture": "#2", "tintindex": 0},
				"south": {"uv": [1, 0, 0, 1], "texture": "#1", "tintindex": 0},
				"west": {"uv": [6, 13, 0, 15], "texture": "#1", "tintindex": 0}
			}
		},
		{
			"from": [7.61863, 8.87, 7.63],
			"to": [8.38137, 9.07, 9.63],
			"rotation": {"angle": 0, "axis": "y", "origin": [8, 9.22, 8.13]},
			"faces": {
				"north": {"uv": [7, 13, 6, 14], "texture": "#1", "tintindex": 0},
				"south": {"uv": [0, 0, 1, 1], "texture": "#1", "tintindex": 0},
				"up": {"uv": [0, 13, 6, 15], "rotation": 270, "texture": "#1", "tintindex": 0},
				"down": {"uv": [8, 6, 3, 8], "rotation": 90, "texture": "#2", "tintindex": 0}
			}
		},
		{
			"from": [7.15, 9.33863, 7.631],
			"to": [7.35, 9.85983, 9.629],
			"rotation": {"angle": 45, "axis": "z", "origin": [7.95, 9.67, 8.13]},
			"faces": {
				"north": {"uv": [7, 13, 6, 14], "texture": "#1", "tintindex": 0},
				"east": {"uv": [0, 13, 6, 15], "texture": "#1", "tintindex": 0},
				"south": {"uv": [0, 0, 1, 1], "texture": "#1", "tintindex": 0},
				"west": {"uv": [3, 5, 8, 6], "texture": "#2", "tintindex": 0}
			}
		},
		{
			"from": [7.25009, 9.23854, 7.63],
			"to": [7.45009, 10.00129, 9.63],
			"rotation": {"angle": 0, "axis": "y", "origin": [0, 0.22, 0.13]},
			"faces": {
				"north": {"uv": [7, 13, 6, 14], "texture": "#1", "tintindex": 0},
				"east": {"uv": [0, 13, 6, 15], "texture": "#1", "tintindex": 0},
				"south": {"uv": [0, 0, 1, 1], "texture": "#1", "tintindex": 0},
				"west": {"uv": [3, 3, 8, 5], "texture": "#2", "tintindex": 0}
			}
		},
		{
			"from": [7.71871, 10.26991, 7.631],
			"to": [8.23991, 10.46991, 9.629],
			"rotation": {"angle": 45, "axis": "z", "origin": [8.05009, 9.66991, 8.13]},
			"faces": {
				"north": {"uv": [7, 13, 6, 14], "texture": "#1", "tintindex": 0},
				"south": {"uv": [0, 0, 1, 1], "texture": "#1", "tintindex": 0},
				"up": {"uv": [2, 2, 8, 3], "rotation": 90, "texture": "#2", "tintindex": 0},
				"down": {"uv": [0, 13, 6, 15], "rotation": 90, "texture": "#1", "tintindex": 0}
			}
		},
		{
			"from": [7.61863, 10.16983, 7.63],
			"to": [8.38137, 10.36983, 9.63],
			"rotation": {"angle": 0, "axis": "y", "origin": [8.05, 10.96983, 8.13]},
			"faces": {
				"north": {"uv": [7, 13, 6, 14], "texture": "#1", "tintindex": 0},
				"east": {"uv": [8, 0, 14, 1], "texture": "#1", "tintindex": 0},
				"south": {"uv": [0, 0, 1, 1], "texture": "#1", "tintindex": 0},
				"west": {"uv": [8, 2, 14, 3], "texture": "#1", "tintindex": 0},
				"up": {"uv": [3, 0, 8, 2], "rotation": 90, "texture": "#2", "tintindex": 0},
				"down": {"uv": [0, 13, 6, 15], "rotation": 90, "texture": "#1", "tintindex": 0}
			}
		},
		{
			"from": [7.76009, 10.26991, 7.631],
			"to": [8.28129, 10.46991, 9.629],
			"rotation": {"angle": -45, "axis": "z", "origin": [7.94991, 9.66991, 8.13]},
			"faces": {
				"north": {"uv": [7, 13, 6, 14], "texture": "#1", "tintindex": 0},
				"south": {"uv": [1, 0, 0, 1], "texture": "#1", "tintindex": 0},
				"up": {"uv": [3, 3, 8, 2], "rotation": 90, "texture": "#2", "tintindex": 0},
				"down": {"uv": [6, 13, 0, 15], "rotation": 270, "texture": "#1", "tintindex": 0}
			}
		},
		{
			"from": [8.54991, 9.23854, 7.63],
			"to": [8.74991, 10.00129, 9.63],
			"rotation": {"angle": 0, "axis": "y", "origin": [7.94991, 9.66991, 8.13]},
			"faces": {
				"north": {"uv": [7, 13, 6, 14], "texture": "#1", "tintindex": 0},
				"east": {"uv": [8, 3, 3, 5], "texture": "#2", "tintindex": 0},
				"south": {"uv": [1, 0, 0, 1], "texture": "#1", "tintindex": 0},
				"west": {"uv": [6, 13, 0, 15], "texture": "#1", "tintindex": 0}
			}
		},
		{
			"from": [8.66, 9.29863, 5.631],
			"to": [8.95, 9.89983, 7.629],
			"rotation": {"angle": -45, "axis": "z", "origin": [8.05, 9.67, 7.63]},
			"faces": {
				"north": {"uv": [1, 0, 0, 1], "texture": "#1", "tintindex": 0},
				"east": {"uv": [5, 6, 0, 7], "texture": "#1", "tintindex": 0},
				"south": {"uv": [1, 0, 0, 1], "texture": "#1", "tintindex": 0},
				"west": {"uv": [14, 13, 8, 15], "texture": "#1", "tintindex": 0}
			}
		},
		{
			"from": [7.57863, 8.77, 5.63],
			"to": [8.42137, 9.06, 7.63],
			"rotation": {"angle": 0, "axis": "y", "origin": [8, 9.22, 7.63]},
			"faces": {
				"north": {"uv": [0, 0, 1, 1], "texture": "#1", "tintindex": 0},
				"south": {"uv": [0, 0, 1, 1], "texture": "#1", "tintindex": 0},
				"up": {"uv": [8, 13, 14, 15], "rotation": 270, "texture": "#1", "tintindex": 0},
				"down": {"uv": [5, 7, 0, 9], "rotation": 90, "texture": "#1", "tintindex": 0}
			}
		},
		{
			"from": [7.05, 9.29863, 5.631],
			"to": [7.34, 9.89983, 7.629],
			"rotation": {"angle": 45, "axis": "z", "origin": [7.95, 9.67, 7.63]},
			"faces": {
				"north": {"uv": [0, 0, 1, 1], "texture": "#1", "tintindex": 0},
				"east": {"uv": [8, 13, 14, 15], "texture": "#1", "tintindex": 0},
				"south": {"uv": [0, 0, 1, 1], "texture": "#1", "tintindex": 0},
				"west": {"uv": [0, 6, 5, 7], "texture": "#1", "tintindex": 0}
			}
		},
		{
			"from": [7.15009, 9.19854, 5.63],
			"to": [7.44009, 10.04129, 7.63],
			"rotation": {"angle": 0, "axis": "y", "origin": [0, 0.22, -0.37]},
			"faces": {
				"north": {"uv": [0, 0, 1, 1], "texture": "#1", "tintindex": 0},
				"east": {"uv": [8, 13, 14, 15], "texture": "#1", "tintindex": 0},
				"south": {"uv": [0, 0, 1, 1], "texture": "#1", "tintindex": 0},
				"west": {"uv": [0, 4, 5, 6], "texture": "#1", "tintindex": 0}
			}
		},
		{
			"from": [7.67871, 10.27991, 5.631],
			"to": [8.27991, 10.56991, 7.629],
			"rotation": {"angle": 45, "axis": "z", "origin": [8.05009, 9.66991, 7.63]},
			"faces": {
				"north": {"uv": [0, 0, 1, 1], "texture": "#1", "tintindex": 0},
				"south": {"uv": [0, 0, 1, 1], "texture": "#1", "tintindex": 0},
				"up": {"uv": [0, 3, 5, 4], "rotation": 90, "texture": "#1", "tintindex": 0},
				"down": {"uv": [8, 13, 14, 15], "rotation": 90, "texture": "#1", "tintindex": 0}
			}
		},
		{
			"from": [7.57863, 10.17983, 5.63],
			"to": [8.42137, 10.46983, 7.63],
			"rotation": {"angle": 0, "axis": "y", "origin": [8.05, 10.96983, 7.63]},
			"faces": {
				"north": {"uv": [0, 0, 1, 1], "texture": "#1", "tintindex": 0},
				"east": {"uv": [0, 0, 5, 1], "texture": "#1", "tintindex": 0},
				"south": {"uv": [0, 0, 1, 1], "texture": "#1", "tintindex": 0},
				"west": {"uv": [0, 2, 5, 3], "texture": "#1", "tintindex": 0},
				"up": {"uv": [0, 0, 5, 2], "rotation": 90, "texture": "#1", "tintindex": 0},
				"down": {"uv": [8, 13, 14, 15], "rotation": 90, "texture": "#1", "tintindex": 0}
			}
		},
		{
			"from": [7.72009, 10.27991, 5.631],
			"to": [8.32129, 10.56991, 7.629],
			"rotation": {"angle": -45, "axis": "z", "origin": [7.94991, 9.66991, 7.63]},
			"faces": {
				"north": {"uv": [1, 0, 0, 1], "texture": "#1", "tintindex": 0},
				"south": {"uv": [1, 0, 0, 1], "texture": "#1", "tintindex": 0},
				"up": {"uv": [0, 4, 5, 3], "rotation": 90, "texture": "#1", "tintindex": 0},
				"down": {"uv": [14, 13, 8, 15], "rotation": 270, "texture": "#1", "tintindex": 0}
			}
		},
		{
			"from": [8.55991, 9.19854, 5.63],
			"to": [8.84991, 10.04129, 7.63],
			"rotation": {"angle": 0, "axis": "y", "origin": [7.94991, 9.66991, 7.63]},
			"faces": {
				"north": {"uv": [1, 0, 0, 1], "texture": "#1", "tintindex": 0},
				"east": {"uv": [5, 4, 0, 6], "texture": "#1", "tintindex": 0},
				"south": {"uv": [1, 0, 0, 1], "texture": "#1", "tintindex": 0},
				"west": {"uv": [14, 13, 8, 15], "texture": "#1", "tintindex": 0}
			}
		},
		{
			"from": [6.951, 9.245, 7.92467],
			"to": [7.249, 9.995, 8.23533],
			"rotation": {"angle": 45, "axis": "x", "origin": [6.75, 9.62, 8.08]},
			"faces": {
				"east": {"uv": [0, 12, 1, 11], "rotation": 90, "texture": "#1"},
				"west": {"uv": [0, 12, 1, 11], "rotation": 90, "texture": "#1"},
				"up": {"uv": [0, 12, 1, 11], "rotation": 90, "texture": "#1"},
				"down": {"uv": [0, 12, 1, 11], "rotation": 90, "texture": "#1"}
			}
		},
		{
			"from": [6.95, 9.245, 7.92467],
			"to": [7.25, 9.995, 8.23533],
			"rotation": {"angle": 0, "axis": "y", "origin": [6.75, 9.62, 8.08]},
			"faces": {
				"east": {"uv": [0, 12, 1, 11], "rotation": 90, "texture": "#1"},
				"west": {"uv": [0, 12, 1, 11], "rotation": 90, "texture": "#1"},
				"up": {"uv": [0, 12, 1, 11], "rotation": 90, "texture": "#1"},
				"down": {"uv": [0, 12, 1, 11], "rotation": 90, "texture": "#1"}
			}
		},
		{
			"from": [6.951, 9.46467, 7.705],
			"to": [7.249, 9.77533, 8.455],
			"rotation": {"angle": 45, "axis": "x", "origin": [6.75, 9.62, 8.08]},
			"faces": {
				"north": {"uv": [0, 12, 1, 11], "rotation": 270, "texture": "#1"},
				"east": {"uv": [0, 12, 1, 11], "rotation": 90, "texture": "#1"},
				"south": {"uv": [0, 12, 1, 11], "rotation": 90, "texture": "#1"},
				"west": {"uv": [0, 12, 1, 11], "rotation": 90, "texture": "#1"}
			}
		},
		{
			"from": [6.949, 9.46467, 7.705],
			"to": [7.249, 9.77533, 8.455],
			"rotation": {"angle": 0, "axis": "y", "origin": [6.75, 9.62, 8.08]},
			"faces": {
				"north": {"uv": [0, 12, 1, 11], "rotation": 270, "texture": "#1"},
				"east": {"uv": [0, 12, 1, 11], "rotation": 90, "texture": "#1"},
				"south": {"uv": [0, 12, 1, 11], "rotation": 90, "texture": "#1"},
				"west": {"uv": [0, 12, 1, 11], "rotation": 90, "texture": "#1"}
			}
		},
		{
			"from": [8.751, 9.245, 7.92467],
			"to": [9.049, 9.995, 8.23533],
			"rotation": {"angle": 45, "axis": "x", "origin": [8.55, 9.62, 8.08]},
			"faces": {
				"east": {"uv": [0, 12, 1, 11], "rotation": 90, "texture": "#1"},
				"west": {"uv": [0, 12, 1, 11], "rotation": 90, "texture": "#1"},
				"up": {"uv": [0, 12, 1, 11], "rotation": 90, "texture": "#1"},
				"down": {"uv": [0, 12, 1, 11], "rotation": 90, "texture": "#1"}
			}
		},
		{
			"from": [8.75, 9.245, 7.92467],
			"to": [9.05, 9.995, 8.23533],
			"rotation": {"angle": 0, "axis": "y", "origin": [8.55, 9.62, 8.08]},
			"faces": {
				"east": {"uv": [0, 12, 1, 11], "rotation": 90, "texture": "#1"},
				"west": {"uv": [0, 12, 1, 11], "rotation": 90, "texture": "#1"},
				"up": {"uv": [0, 12, 1, 11], "rotation": 90, "texture": "#1"},
				"down": {"uv": [0, 12, 1, 11], "rotation": 90, "texture": "#1"}
			}
		},
		{
			"from": [8.751, 9.46467, 7.705],
			"to": [9.049, 9.77533, 8.455],
			"rotation": {"angle": 45, "axis": "x", "origin": [8.55, 9.62, 8.08]},
			"faces": {
				"north": {"uv": [0, 12, 1, 11], "rotation": 270, "texture": "#1"},
				"east": {"uv": [0, 12, 1, 11], "rotation": 90, "texture": "#1"},
				"south": {"uv": [0, 12, 1, 11], "rotation": 90, "texture": "#1"},
				"west": {"uv": [0, 12, 1, 11], "rotation": 90, "texture": "#1"}
			}
		},
		{
			"from": [8.749, 9.46467, 7.705],
			"to": [9.049, 9.77533, 8.455],
			"rotation": {"angle": 0, "axis": "y", "origin": [8.55, 9.62, 8.08]},
			"faces": {
				"north": {"uv": [0, 12, 1, 11], "rotation": 270, "texture": "#1"},
				"east": {"uv": [0, 12, 1, 11], "rotation": 90, "texture": "#1"},
				"south": {"uv": [0, 12, 1, 11], "rotation": 90, "texture": "#1"},
				"west": {"uv": [0, 12, 1, 11], "rotation": 90, "texture": "#1"}
			}
		}
	],
	"display": {
		"thirdperson_righthand": {
			"translation": [0, -0.5, 0],
			"scale": [1.5, 1.5, 1.5]
		},
		"firstperson_righthand": {
			"rotation": [-41, 0, 0],
			"translation": [-4.25, 4.25, 6.5]
		},
		"ground": {
			"translation": [0, -3, 0],
			"scale": [2, 2, 2]
		},
		"gui": {
			"rotation": [30, 225, 0],
			"translation": [0.25, -3.5, 0],
			"scale": [3, 3, 3]
		},
		"fixed": {
			"rotation": [0, 90, 0],
			"translation": [0, -3.75, -2],
			"scale": [3, 3, 3]
		}
	},
	"groups": [
		0,
		1,
		{
			"name": "scope_back",
			"origin": [7.94991, 9.44991, 8],
			"color": 0,
			"children": [2, 3, 4, 5, 6, 7, 8, 9]
		},
		{
			"name": "scope_forward",
			"origin": [7.94991, 9.44991, 8],
			"color": 0,
			"children": [10, 11, 12, 13, 14, 15, 16, 17]
		},
		{
			"name": "group",
			"origin": [6.65, 9.62, 8.08],
			"color": 0,
			"children": [18, 19, 20, 21]
		},
		{
			"name": "group",
			"origin": [6.65, 9.62, 8.08],
			"color": 0,
			"children": [22, 23, 24, 25]
		}
	]
}