{
	"carvers": { },
	"downfall": 0.0,
	"effects": {
		"fog_color": 12638463,
		"sky_color": -16777216,
		"water_color": 4159204,
		"water_fog_color": 329011
	},
	"features": [],
	"precipitation": "none",
	"spawn_costs": { },
	"spawners": {
		"ambient": [
			{
				"maxCount": 8,
				"minCount": 8,
				"type": "minecraft:bat",
				"weight": 10
			}
		],
		"axolotls": [],
		"creature": [
			{
				"maxCount": 4,
				"minCount": 4,
				"type": "minecraft:sheep",
				"weight": 12
			},
			{
				"maxCount": 4,
				"minCount": 4,
				"type": "minecraft:pig",
				"weight": 10
			},
			{
				"maxCount": 4,
				"minCount": 4,
				"type": "minecraft:chicken",
				"weight": 10
			},
			{
				"maxCount": 4,
				"minCount": 4,
				"type": "minecraft:cow",
				"weight": 8
			},
			{
				"maxCount": 6,
				"minCount": 2,
				"type": "minecraft:horse",
				"weight": 5
			},
			{
				"maxCount": 3,
				"minCount": 1,
				"type": "minecraft:donkey",
				"weight": 1
			}
		],
		"misc": [],
		"monster": [
			{
				"maxCount": 4,
				"minCount": 4,
				"type": "minecraft:spider",
				"weight": 100
			},
			{
				"maxCount": 4,
				"minCount": 4,
				"type": "minecraft:zombie",
				"weight": 95
			},
			{
				"maxCount": 1,
				"minCount": 1,
				"type": "minecraft:zombie_villager",
				"weight": 5
			},
			{
				"maxCount": 4,
				"minCount": 4,
				"type": "minecraft:skeleton",
				"weight": 100
			},
			{
				"maxCount": 4,
				"minCount": 4,
				"type": "minecraft:creeper",
				"weight": 100
			},
			{
				"maxCount": 4,
				"minCount": 4,
				"type": "minecraft:slime",
				"weight": 100
			},
			{
				"maxCount": 4,
				"minCount": 1,
				"type": "minecraft:enderman",
				"weight": 10
			},
			{
				"maxCount": 1,
				"minCount": 1,
				"type": "minecraft:witch",
				"weight": 5
			}
		],
		"underground_water_creature": [
			{
				"maxCount": 6,
				"minCount": 4,
				"type": "minecraft:glow_squid",
				"weight": 10
			}
		],
		"water_ambient": [],
		"water_creature": []
	},
	"temperature": 0.800000011920929
}